/*M!999999\- enable the sandbox mode */ 
-- MariaDB dump 10.19  Distrib 10.6.19-MariaDB, for debian-linux-gnu (x86_64)
--
-- Host: localhost    Database: palyoplot
-- ------------------------------------------------------
-- Server version	10.6.19-MariaDB-ubu2204

/*!40101 SET @OLD_CHARACTER_SET_CLIENT=@@CHARACTER_SET_CLIENT */;
/*!40101 SET @OLD_CHARACTER_SET_RESULTS=@@CHARACTER_SET_RESULTS */;
/*!40101 SET @OLD_COLLATION_CONNECTION=@@COLLATION_CONNECTION */;
/*!40101 SET NAMES utf8mb4 */;
/*!40103 SET @OLD_TIME_ZONE=@@TIME_ZONE */;
/*!40103 SET TIME_ZONE='+00:00' */;
/*!40014 SET @OLD_UNIQUE_CHECKS=@@UNIQUE_CHECKS, UNIQUE_CHECKS=0 */;
/*!40014 SET @OLD_FOREIGN_KEY_CHECKS=@@FOREIGN_KEY_CHECKS, FOREIGN_KEY_CHECKS=0 */;
/*!40101 SET @OLD_SQL_MODE=@@SQL_MODE, SQL_MODE='NO_AUTO_VALUE_ON_ZERO' */;
/*!40111 SET @OLD_SQL_NOTES=@@SQL_NOTES, SQL_NOTES=0 */;

--
-- Table structure for table `auth_group`
--

DROP TABLE IF EXISTS `auth_group`;
/*!40101 SET @saved_cs_client     = @@character_set_client */;
/*!40101 SET character_set_client = utf8 */;
CREATE TABLE `auth_group` (
  `id` int(11) NOT NULL AUTO_INCREMENT,
  `name` varchar(150) NOT NULL,
  PRIMARY KEY (`id`),
  UNIQUE KEY `name` (`name`)
) ENGINE=InnoDB DEFAULT CHARSET=utf8mb4 COLLATE=utf8mb4_general_ci;
/*!40101 SET character_set_client = @saved_cs_client */;

--
-- Dumping data for table `auth_group`
--

LOCK TABLES `auth_group` WRITE;
/*!40000 ALTER TABLE `auth_group` DISABLE KEYS */;
/*!40000 ALTER TABLE `auth_group` ENABLE KEYS */;
UNLOCK TABLES;

--
-- Table structure for table `auth_group_permissions`
--

DROP TABLE IF EXISTS `auth_group_permissions`;
/*!40101 SET @saved_cs_client     = @@character_set_client */;
/*!40101 SET character_set_client = utf8 */;
CREATE TABLE `auth_group_permissions` (
  `id` bigint(20) NOT NULL AUTO_INCREMENT,
  `group_id` int(11) NOT NULL,
  `permission_id` int(11) NOT NULL,
  PRIMARY KEY (`id`),
  UNIQUE KEY `auth_group_permissions_group_id_permission_id_0cd325b0_uniq` (`group_id`,`permission_id`),
  KEY `auth_group_permissio_permission_id_84c5c92e_fk_auth_perm` (`permission_id`),
  CONSTRAINT `auth_group_permissio_permission_id_84c5c92e_fk_auth_perm` FOREIGN KEY (`permission_id`) REFERENCES `auth_permission` (`id`),
  CONSTRAINT `auth_group_permissions_group_id_b120cbf9_fk_auth_group_id` FOREIGN KEY (`group_id`) REFERENCES `auth_group` (`id`)
) ENGINE=InnoDB DEFAULT CHARSET=utf8mb4 COLLATE=utf8mb4_general_ci;
/*!40101 SET character_set_client = @saved_cs_client */;

--
-- Dumping data for table `auth_group_permissions`
--

LOCK TABLES `auth_group_permissions` WRITE;
/*!40000 ALTER TABLE `auth_group_permissions` DISABLE KEYS */;
/*!40000 ALTER TABLE `auth_group_permissions` ENABLE KEYS */;
UNLOCK TABLES;

--
-- Table structure for table `auth_permission`
--

DROP TABLE IF EXISTS `auth_permission`;
/*!40101 SET @saved_cs_client     = @@character_set_client */;
/*!40101 SET character_set_client = utf8 */;
CREATE TABLE `auth_permission` (
  `id` int(11) NOT NULL AUTO_INCREMENT,
  `name` varchar(255) NOT NULL,
  `content_type_id` int(11) NOT NULL,
  `codename` varchar(100) NOT NULL,
  PRIMARY KEY (`id`),
  UNIQUE KEY `auth_permission_content_type_id_codename_01ab375a_uniq` (`content_type_id`,`codename`),
  CONSTRAINT `auth_permission_content_type_id_2f476e4b_fk_django_co` FOREIGN KEY (`content_type_id`) REFERENCES `django_content_type` (`id`)
) ENGINE=InnoDB AUTO_INCREMENT=25 DEFAULT CHARSET=utf8mb4 COLLATE=utf8mb4_general_ci;
/*!40101 SET character_set_client = @saved_cs_client */;

--
-- Dumping data for table `auth_permission`
--

LOCK TABLES `auth_permission` WRITE;
/*!40000 ALTER TABLE `auth_permission` DISABLE KEYS */;
INSERT INTO `auth_permission` VALUES (1,'Can add log entry',1,'add_logentry'),(2,'Can change log entry',1,'change_logentry'),(3,'Can delete log entry',1,'delete_logentry'),(4,'Can view log entry',1,'view_logentry'),(5,'Can add permission',2,'add_permission'),(6,'Can change permission',2,'change_permission'),(7,'Can delete permission',2,'delete_permission'),(8,'Can view permission',2,'view_permission'),(9,'Can add group',3,'add_group'),(10,'Can change group',3,'change_group'),(11,'Can delete group',3,'delete_group'),(12,'Can view group',3,'view_group'),(13,'Can add user',4,'add_user'),(14,'Can change user',4,'change_user'),(15,'Can delete user',4,'delete_user'),(16,'Can view user',4,'view_user'),(17,'Can add content type',5,'add_contenttype'),(18,'Can change content type',5,'change_contenttype'),(19,'Can delete content type',5,'delete_contenttype'),(20,'Can view content type',5,'view_contenttype'),(21,'Can add session',6,'add_session'),(22,'Can change session',6,'change_session'),(23,'Can delete session',6,'delete_session'),(24,'Can view session',6,'view_session');
/*!40000 ALTER TABLE `auth_permission` ENABLE KEYS */;
UNLOCK TABLES;

--
-- Table structure for table `auth_user`
--

DROP TABLE IF EXISTS `auth_user`;
/*!40101 SET @saved_cs_client     = @@character_set_client */;
/*!40101 SET character_set_client = utf8 */;
CREATE TABLE `auth_user` (
  `id` int(11) NOT NULL AUTO_INCREMENT,
  `password` varchar(128) NOT NULL,
  `last_login` datetime(6) DEFAULT NULL,
  `is_superuser` tinyint(1) NOT NULL,
  `username` varchar(150) NOT NULL,
  `first_name` varchar(150) NOT NULL,
  `last_name` varchar(150) NOT NULL,
  `email` varchar(254) NOT NULL,
  `is_staff` tinyint(1) NOT NULL,
  `is_active` tinyint(1) NOT NULL,
  `date_joined` datetime(6) NOT NULL,
  PRIMARY KEY (`id`),
  UNIQUE KEY `username` (`username`)
) ENGINE=InnoDB AUTO_INCREMENT=3 DEFAULT CHARSET=utf8mb4 COLLATE=utf8mb4_general_ci;
/*!40101 SET character_set_client = @saved_cs_client */;

--
-- Dumping data for table `auth_user`
--

LOCK TABLES `auth_user` WRITE;
/*!40000 ALTER TABLE `auth_user` DISABLE KEYS */;
INSERT INTO `auth_user` VALUES (1,'pbkdf2_sha256$720000$tagP1h2LqeU2yPS8oBRYM4$Jb5fcrVwHYjJEYHiSnq0hPdrAMLE8XdoaP2siNT/y2g=','2024-09-21 03:12:45.601998',1,'csc190191','','','',1,1,'2024-09-21 03:12:27.962565'),(2,'pbkdf2_sha256$720000$qYKS1NDwYNtLbrvGl5Lyk1$8pLjvPtriRbOTMPhT5A8fZkfQLJC9Titmvy6FyVrwWc=',NULL,0,'test','','','123@gmail.com',0,1,'2024-09-21 03:19:26.366036');
/*!40000 ALTER TABLE `auth_user` ENABLE KEYS */;
UNLOCK TABLES;

--
-- Table structure for table `auth_user_groups`
--

DROP TABLE IF EXISTS `auth_user_groups`;
/*!40101 SET @saved_cs_client     = @@character_set_client */;
/*!40101 SET character_set_client = utf8 */;
CREATE TABLE `auth_user_groups` (
  `id` bigint(20) NOT NULL AUTO_INCREMENT,
  `user_id` int(11) NOT NULL,
  `group_id` int(11) NOT NULL,
  PRIMARY KEY (`id`),
  UNIQUE KEY `auth_user_groups_user_id_group_id_94350c0c_uniq` (`user_id`,`group_id`),
  KEY `auth_user_groups_group_id_97559544_fk_auth_group_id` (`group_id`),
  CONSTRAINT `auth_user_groups_group_id_97559544_fk_auth_group_id` FOREIGN KEY (`group_id`) REFERENCES `auth_group` (`id`),
  CONSTRAINT `auth_user_groups_user_id_6a12ed8b_fk_auth_user_id` FOREIGN KEY (`user_id`) REFERENCES `auth_user` (`id`)
) ENGINE=InnoDB DEFAULT CHARSET=utf8mb4 COLLATE=utf8mb4_general_ci;
/*!40101 SET character_set_client = @saved_cs_client */;

--
-- Dumping data for table `auth_user_groups`
--

LOCK TABLES `auth_user_groups` WRITE;
/*!40000 ALTER TABLE `auth_user_groups` DISABLE KEYS */;
/*!40000 ALTER TABLE `auth_user_groups` ENABLE KEYS */;
UNLOCK TABLES;

--
-- Table structure for table `auth_user_user_permissions`
--

DROP TABLE IF EXISTS `auth_user_user_permissions`;
/*!40101 SET @saved_cs_client     = @@character_set_client */;
/*!40101 SET character_set_client = utf8 */;
CREATE TABLE `auth_user_user_permissions` (
  `id` bigint(20) NOT NULL AUTO_INCREMENT,
  `user_id` int(11) NOT NULL,
  `permission_id` int(11) NOT NULL,
  PRIMARY KEY (`id`),
  UNIQUE KEY `auth_user_user_permissions_user_id_permission_id_14a6b632_uniq` (`user_id`,`permission_id`),
  KEY `auth_user_user_permi_permission_id_1fbb5f2c_fk_auth_perm` (`permission_id`),
  CONSTRAINT `auth_user_user_permi_permission_id_1fbb5f2c_fk_auth_perm` FOREIGN KEY (`permission_id`) REFERENCES `auth_permission` (`id`),
  CONSTRAINT `auth_user_user_permissions_user_id_a95ead1b_fk_auth_user_id` FOREIGN KEY (`user_id`) REFERENCES `auth_user` (`id`)
) ENGINE=InnoDB DEFAULT CHARSET=utf8mb4 COLLATE=utf8mb4_general_ci;
/*!40101 SET character_set_client = @saved_cs_client */;

--
-- Dumping data for table `auth_user_user_permissions`
--

LOCK TABLES `auth_user_user_permissions` WRITE;
/*!40000 ALTER TABLE `auth_user_user_permissions` DISABLE KEYS */;
/*!40000 ALTER TABLE `auth_user_user_permissions` ENABLE KEYS */;
UNLOCK TABLES;

--
-- Table structure for table `csv_columns`
--

DROP TABLE IF EXISTS `csv_columns`;
/*!40101 SET @saved_cs_client     = @@character_set_client */;
/*!40101 SET character_set_client = utf8 */;
CREATE TABLE `csv_columns` (
  `id` int(11) NOT NULL AUTO_INCREMENT,
  `file_id` int(11) DEFAULT NULL,
  `column_name` varchar(255) NOT NULL,
  `column_order` int(11) NOT NULL,
  `data_type` varchar(50) DEFAULT NULL,
  PRIMARY KEY (`id`),
  KEY `file_id` (`file_id`),
  CONSTRAINT `csv_columns_ibfk_1` FOREIGN KEY (`file_id`) REFERENCES `csv_files` (`id`)
) ENGINE=InnoDB AUTO_INCREMENT=48 DEFAULT CHARSET=utf8mb4 COLLATE=utf8mb4_general_ci;
/*!40101 SET character_set_client = @saved_cs_client */;

--
-- Dumping data for table `csv_columns`
--

LOCK TABLES `csv_columns` WRITE;
/*!40000 ALTER TABLE `csv_columns` DISABLE KEYS */;
INSERT INTO `csv_columns` VALUES (1,1,'',1,NULL),(2,1,'adj_depth',2,NULL),(3,1,'core_depth',3,NULL),(4,1,'Abies',4,NULL),(5,1,'Alnus',5,NULL),(6,1,'Amaranthaceae',6,NULL),(7,1,'Ambrosia',7,NULL),(8,1,'Apiaceae',8,NULL),(9,1,'Arceuthobium',9,NULL),(10,1,'Artemisia',10,NULL),(11,1,'Asteracea',11,NULL),(12,1,'Betula',12,NULL),(13,1,'Brassicaceae',13,NULL),(14,1,'Caryophyllaceae',14,NULL),(15,1,'Ceanothus',15,NULL),(16,1,'Chrysolepis',16,NULL),(17,1,'Corylus',17,NULL),(18,1,'Cupressaceae',18,NULL),(19,1,'Cyperaceae',19,NULL),(20,1,'Ephedra.nevadenses',20,NULL),(21,1,'Fabaceae',21,NULL),(22,1,'Fraxinus',22,NULL),(23,1,'Indeterminate',23,NULL),(24,1,'Isoetes',24,NULL),(25,1,'Lamiaceae',25,NULL),(26,1,'Liliaceae',26,NULL),(27,1,'Lycopodium',27,NULL),(28,1,'Monolete',28,NULL),(29,1,'Pediastrum',29,NULL),(30,1,'Pinus',30,NULL),(31,1,'Plantago',31,NULL),(32,1,'Poaceae',32,NULL),(33,1,'Polemoniaceae',33,NULL),(34,1,'Polygonaceae',34,NULL),(35,1,'Pteridium',35,NULL),(36,1,'Quercus',36,NULL),(37,1,'Rosaceae',37,NULL),(38,1,'Salix',38,NULL),(39,1,'Sarcobatus',39,NULL),(40,1,'Shepherdia',40,NULL),(41,1,'Sporomiella',41,NULL),(42,1,'Stomates',42,NULL),(43,1,'Trilete',43,NULL),(44,1,'Tsuga',44,NULL),(45,1,'Typha.angustifolia',45,NULL),(46,1,'Typha.latifolia',46,NULL),(47,1,'Unknown',47,NULL);
/*!40000 ALTER TABLE `csv_columns` ENABLE KEYS */;
UNLOCK TABLES;

--
-- Table structure for table `csv_data`
--

DROP TABLE IF EXISTS `csv_data`;
/*!40101 SET @saved_cs_client     = @@character_set_client */;
/*!40101 SET character_set_client = utf8 */;
CREATE TABLE `csv_data` (
  `id` int(11) NOT NULL AUTO_INCREMENT,
  `file_id` int(11) DEFAULT NULL,
  `row_number` int(11) NOT NULL,
  `column_id` int(11) DEFAULT NULL,
  `value` text DEFAULT NULL,
  PRIMARY KEY (`id`),
  KEY `file_id` (`file_id`),
  KEY `column_id` (`column_id`),
  CONSTRAINT `csv_data_ibfk_1` FOREIGN KEY (`file_id`) REFERENCES `csv_files` (`id`),
  CONSTRAINT `csv_data_ibfk_2` FOREIGN KEY (`column_id`) REFERENCES `csv_columns` (`id`)
) ENGINE=InnoDB AUTO_INCREMENT=2069 DEFAULT CHARSET=utf8mb4 COLLATE=utf8mb4_general_ci;
/*!40101 SET character_set_client = @saved_cs_client */;

--
-- Dumping data for table `csv_data`
--

LOCK TABLES `csv_data` WRITE;
/*!40000 ALTER TABLE `csv_data` DISABLE KEYS */;
INSERT INTO `csv_data` VALUES (1,1,1,1,'1'),(2,1,1,2,'0'),(3,1,1,3,'2'),(4,1,1,4,'114'),(5,1,1,5,'0'),(6,1,1,6,'3'),(7,1,1,7,'2'),(8,1,1,8,'0'),(9,1,1,9,'0'),(10,1,1,10,'1'),(11,1,1,11,'6'),(12,1,1,12,'0'),(13,1,1,13,'1'),(14,1,1,14,'0'),(15,1,1,15,'0'),(16,1,1,16,'1'),(17,1,1,17,'0'),(18,1,1,18,'27'),(19,1,1,19,'186'),(20,1,1,20,'0'),(21,1,1,21,'0'),(22,1,1,22,'5'),(23,1,1,23,'19'),(24,1,1,24,'1'),(25,1,1,25,'0'),(26,1,1,26,'0'),(27,1,1,27,'404'),(28,1,1,28,'1'),(29,1,1,29,'0'),(30,1,1,30,'105'),(31,1,1,31,'0'),(32,1,1,32,'23'),(33,1,1,33,'0'),(34,1,1,34,'0'),(35,1,1,35,'0'),(36,1,1,36,'93'),(37,1,1,37,'9'),(38,1,1,38,'2'),(39,1,1,39,'0'),(40,1,1,40,'0'),(41,1,1,41,'0'),(42,1,1,42,'3'),(43,1,1,43,'0'),(44,1,1,44,'0'),(45,1,1,45,'0'),(46,1,1,46,'0'),(47,1,1,47,'4'),(48,1,2,1,'2'),(49,1,2,2,'1'),(50,1,2,3,'3'),(51,1,2,4,'73'),(52,1,2,5,'1'),(53,1,2,6,'2'),(54,1,2,7,'0'),(55,1,2,8,'1'),(56,1,2,9,'1'),(57,1,2,10,'1'),(58,1,2,11,'2'),(59,1,2,12,'0'),(60,1,2,13,'0'),(61,1,2,14,'0'),(62,1,2,15,'0'),(63,1,2,16,'2'),(64,1,2,17,'0'),(65,1,2,18,'30'),(66,1,2,19,'148'),(67,1,2,20,'0'),(68,1,2,21,'0'),(69,1,2,22,'1'),(70,1,2,23,'12'),(71,1,2,24,'0'),(72,1,2,25,'0'),(73,1,2,26,'0'),(74,1,2,27,'489'),(75,1,2,28,'1'),(76,1,2,29,'0'),(77,1,2,30,'132'),(78,1,2,31,'0'),(79,1,2,32,'40'),(80,1,2,33,'0'),(81,1,2,34,'3'),(82,1,2,35,'0'),(83,1,2,36,'90'),(84,1,2,37,'5'),(85,1,2,38,'1'),(86,1,2,39,'0'),(87,1,2,40,'0'),(88,1,2,41,'0'),(89,1,2,42,'2'),(90,1,2,43,'1'),(91,1,2,44,'0'),(92,1,2,45,'0'),(93,1,2,46,'0'),(94,1,2,47,'4'),(95,1,3,1,'3'),(96,1,3,2,'3'),(97,1,3,3,'5'),(98,1,3,4,'102'),(99,1,3,5,'2'),(100,1,3,6,'2'),(101,1,3,7,'2'),(102,1,3,8,'2'),(103,1,3,9,'0'),(104,1,3,10,'2'),(105,1,3,11,'2'),(106,1,3,12,'0'),(107,1,3,13,'0'),(108,1,3,14,'0'),(109,1,3,15,'0'),(110,1,3,16,'3'),(111,1,3,17,'0'),(112,1,3,18,'25'),(113,1,3,19,'143'),(114,1,3,20,'0'),(115,1,3,21,'0'),(116,1,3,22,'4'),(117,1,3,23,'14'),(118,1,3,24,'0'),(119,1,3,25,'0'),(120,1,3,26,'1'),(121,1,3,27,'361'),(122,1,3,28,'0'),(123,1,3,29,'1'),(124,1,3,30,'121'),(125,1,3,31,'0'),(126,1,3,32,'37'),(127,1,3,33,'0'),(128,1,3,34,'5'),(129,1,3,35,'0'),(130,1,3,36,'68'),(131,1,3,37,'9'),(132,1,3,38,'4'),(133,1,3,39,'0'),(134,1,3,40,'0'),(135,1,3,41,'0'),(136,1,3,42,'3'),(137,1,3,43,'0'),(138,1,3,44,'0'),(139,1,3,45,'0'),(140,1,3,46,'0'),(141,1,3,47,'2'),(142,1,4,1,'4'),(143,1,4,2,'4'),(144,1,4,3,'6'),(145,1,4,4,'70'),(146,1,4,5,'0'),(147,1,4,6,'0'),(148,1,4,7,'0'),(149,1,4,8,'2'),(150,1,4,9,'0'),(151,1,4,10,'0'),(152,1,4,11,'3'),(153,1,4,12,'0'),(154,1,4,13,'0'),(155,1,4,14,'0'),(156,1,4,15,'0'),(157,1,4,16,'1'),(158,1,4,17,'0'),(159,1,4,18,'57'),(160,1,4,19,'116'),(161,1,4,20,'0'),(162,1,4,21,'0'),(163,1,4,22,'3'),(164,1,4,23,'28'),(165,1,4,24,'0'),(166,1,4,25,'1'),(167,1,4,26,'0'),(168,1,4,27,'192'),(169,1,4,28,'0'),(170,1,4,29,'1'),(171,1,4,30,'124'),(172,1,4,31,'12'),(173,1,4,32,'38'),(174,1,4,33,'0'),(175,1,4,34,'3'),(176,1,4,35,'0'),(177,1,4,36,'64'),(178,1,4,37,'5'),(179,1,4,38,'4'),(180,1,4,39,'0'),(181,1,4,40,'0'),(182,1,4,41,'0'),(183,1,4,42,'0'),(184,1,4,43,'0'),(185,1,4,44,'0'),(186,1,4,45,'0'),(187,1,4,46,'0'),(188,1,4,47,'0'),(189,1,5,1,'5'),(190,1,5,2,'5'),(191,1,5,3,'7'),(192,1,5,4,'76'),(193,1,5,5,'1'),(194,1,5,6,'2'),(195,1,5,7,'3'),(196,1,5,8,'1'),(197,1,5,9,'0'),(198,1,5,10,'1'),(199,1,5,11,'2'),(200,1,5,12,'0'),(201,1,5,13,'0'),(202,1,5,14,'0'),(203,1,5,15,'0'),(204,1,5,16,'3'),(205,1,5,17,'1'),(206,1,5,18,'38'),(207,1,5,19,'147'),(208,1,5,20,'0'),(209,1,5,21,'0'),(210,1,5,22,'2'),(211,1,5,23,'15'),(212,1,5,24,'0'),(213,1,5,25,'0'),(214,1,5,26,'1'),(215,1,5,27,'348'),(216,1,5,28,'0'),(217,1,5,29,'0'),(218,1,5,30,'133'),(219,1,5,31,'0'),(220,1,5,32,'44'),(221,1,5,33,'0'),(222,1,5,34,'4'),(223,1,5,35,'0'),(224,1,5,36,'77'),(225,1,5,37,'6'),(226,1,5,38,'4'),(227,1,5,39,'0'),(228,1,5,40,'0'),(229,1,5,41,'0'),(230,1,5,42,'0'),(231,1,5,43,'0'),(232,1,5,44,'0'),(233,1,5,45,'0'),(234,1,5,46,'0'),(235,1,5,47,'2'),(236,1,6,1,'6'),(237,1,6,2,'6'),(238,1,6,3,'8'),(239,1,6,4,'58'),(240,1,6,5,'1'),(241,1,6,6,'0'),(242,1,6,7,'2'),(243,1,6,8,'3'),(244,1,6,9,'0'),(245,1,6,10,'1'),(246,1,6,11,'3'),(247,1,6,12,'0'),(248,1,6,13,'0'),(249,1,6,14,'0'),(250,1,6,15,'0'),(251,1,6,16,'2'),(252,1,6,17,'0'),(253,1,6,18,'41'),(254,1,6,19,'165'),(255,1,6,20,'0'),(256,1,6,21,'0'),(257,1,6,22,'3'),(258,1,6,23,'36'),(259,1,6,24,'0'),(260,1,6,25,'0'),(261,1,6,26,'0'),(262,1,6,27,'186'),(263,1,6,28,'0'),(264,1,6,29,'0'),(265,1,6,30,'129'),(266,1,6,31,'1'),(267,1,6,32,'53'),(268,1,6,33,'0'),(269,1,6,34,'3'),(270,1,6,35,'0'),(271,1,6,36,'44'),(272,1,6,37,'6'),(273,1,6,38,'5'),(274,1,6,39,'0'),(275,1,6,40,'0'),(276,1,6,41,'0'),(277,1,6,42,'1'),(278,1,6,43,'0'),(279,1,6,44,'0'),(280,1,6,45,'0'),(281,1,6,46,'0'),(282,1,6,47,'7'),(283,1,7,1,'7'),(284,1,7,2,'8'),(285,1,7,3,'10'),(286,1,7,4,'47'),(287,1,7,5,'3'),(288,1,7,6,'2'),(289,1,7,7,'2'),(290,1,7,8,'2'),(291,1,7,9,'0'),(292,1,7,10,'0'),(293,1,7,11,'3'),(294,1,7,12,'1'),(295,1,7,13,'0'),(296,1,7,14,'0'),(297,1,7,15,'0'),(298,1,7,16,'2'),(299,1,7,17,'0'),(300,1,7,18,'30'),(301,1,7,19,'151'),(302,1,7,20,'0'),(303,1,7,21,'0'),(304,1,7,22,'3'),(305,1,7,23,'32'),(306,1,7,24,'0'),(307,1,7,25,'0'),(308,1,7,26,'0'),(309,1,7,27,'725'),(310,1,7,28,'0'),(311,1,7,29,'2'),(312,1,7,30,'227'),(313,1,7,31,'1'),(314,1,7,32,'33'),(315,1,7,33,'1'),(316,1,7,34,'2'),(317,1,7,35,'0'),(318,1,7,36,'63'),(319,1,7,37,'9'),(320,1,7,38,'4'),(321,1,7,39,'0'),(322,1,7,40,'0'),(323,1,7,41,'0'),(324,1,7,42,'1'),(325,1,7,43,'0'),(326,1,7,44,'0'),(327,1,7,45,'0'),(328,1,7,46,'0'),(329,1,7,47,'1'),(330,1,8,1,'8'),(331,1,8,2,'10'),(332,1,8,3,'12'),(333,1,8,4,'64'),(334,1,8,5,'1'),(335,1,8,6,'2'),(336,1,8,7,'0'),(337,1,8,8,'2'),(338,1,8,9,'0'),(339,1,8,10,'1'),(340,1,8,11,'4'),(341,1,8,12,'1'),(342,1,8,13,'1'),(343,1,8,14,'0'),(344,1,8,15,'0'),(345,1,8,16,'1'),(346,1,8,17,'0'),(347,1,8,18,'52'),(348,1,8,19,'161'),(349,1,8,20,'0'),(350,1,8,21,'0'),(351,1,8,22,'1'),(352,1,8,23,'22'),(353,1,8,24,'0'),(354,1,8,25,'0'),(355,1,8,26,'0'),(356,1,8,27,'194'),(357,1,8,28,'0'),(358,1,8,29,'0'),(359,1,8,30,'162'),(360,1,8,31,'0'),(361,1,8,32,'23'),(362,1,8,33,'0'),(363,1,8,34,'7'),(364,1,8,35,'0'),(365,1,8,36,'36'),(366,1,8,37,'19'),(367,1,8,38,'1'),(368,1,8,39,'0'),(369,1,8,40,'0'),(370,1,8,41,'0'),(371,1,8,42,'0'),(372,1,8,43,'0'),(373,1,8,44,'0'),(374,1,8,45,'1'),(375,1,8,46,'0'),(376,1,8,47,'0'),(377,1,9,1,'9'),(378,1,9,2,'12'),(379,1,9,3,'14'),(380,1,9,4,'42'),(381,1,9,5,'4'),(382,1,9,6,'4'),(383,1,9,7,'1'),(384,1,9,8,'2'),(385,1,9,9,'0'),(386,1,9,10,'1'),(387,1,9,11,'4'),(388,1,9,12,'0'),(389,1,9,13,'0'),(390,1,9,14,'0'),(391,1,9,15,'0'),(392,1,9,16,'0'),(393,1,9,17,'1'),(394,1,9,18,'55'),(395,1,9,19,'102'),(396,1,9,20,'0'),(397,1,9,21,'0'),(398,1,9,22,'4'),(399,1,9,23,'26'),(400,1,9,24,'0'),(401,1,9,25,'0'),(402,1,9,26,'0'),(403,1,9,27,'302'),(404,1,9,28,'0'),(405,1,9,29,'0'),(406,1,9,30,'159'),(407,1,9,31,'1'),(408,1,9,32,'18'),(409,1,9,33,'2'),(410,1,9,34,'5'),(411,1,9,35,'0'),(412,1,9,36,'45'),(413,1,9,37,'21'),(414,1,9,38,'0'),(415,1,9,39,'0'),(416,1,9,40,'0'),(417,1,9,41,'0'),(418,1,9,42,'0'),(419,1,9,43,'1'),(420,1,9,44,'0'),(421,1,9,45,'0'),(422,1,9,46,'0'),(423,1,9,47,'8'),(424,1,10,1,'10'),(425,1,10,2,'14'),(426,1,10,3,'16'),(427,1,10,4,'40'),(428,1,10,5,'4'),(429,1,10,6,'1'),(430,1,10,7,'0'),(431,1,10,8,'5'),(432,1,10,9,'1'),(433,1,10,10,'2'),(434,1,10,11,'2'),(435,1,10,12,'0'),(436,1,10,13,'0'),(437,1,10,14,'0'),(438,1,10,15,'0'),(439,1,10,16,'1'),(440,1,10,17,'0'),(441,1,10,18,'60'),(442,1,10,19,'84'),(443,1,10,20,'0'),(444,1,10,21,'0'),(445,1,10,22,'3'),(446,1,10,23,'15'),(447,1,10,24,'0'),(448,1,10,25,'0'),(449,1,10,26,'1'),(450,1,10,27,'186'),(451,1,10,28,'0'),(452,1,10,29,'2'),(453,1,10,30,'183'),(454,1,10,31,'0'),(455,1,10,32,'29'),(456,1,10,33,'0'),(457,1,10,34,'3'),(458,1,10,35,'0'),(459,1,10,36,'35'),(460,1,10,37,'17'),(461,1,10,38,'4'),(462,1,10,39,'0'),(463,1,10,40,'0'),(464,1,10,41,'0'),(465,1,10,42,'0'),(466,1,10,43,'1'),(467,1,10,44,'0'),(468,1,10,45,'0'),(469,1,10,46,'0'),(470,1,10,47,'2'),(471,1,11,1,'11'),(472,1,11,2,'16'),(473,1,11,3,'18'),(474,1,11,4,'42'),(475,1,11,5,'2'),(476,1,11,6,'5'),(477,1,11,7,'0'),(478,1,11,8,'1'),(479,1,11,9,'0'),(480,1,11,10,'3'),(481,1,11,11,'4'),(482,1,11,12,'0'),(483,1,11,13,'0'),(484,1,11,14,'0'),(485,1,11,15,'0'),(486,1,11,16,'4'),(487,1,11,17,'0'),(488,1,11,18,'47'),(489,1,11,19,'97'),(490,1,11,20,'0'),(491,1,11,21,'0'),(492,1,11,22,'4'),(493,1,11,23,'19'),(494,1,11,24,'0'),(495,1,11,25,'0'),(496,1,11,26,'0'),(497,1,11,27,'214'),(498,1,11,28,'0'),(499,1,11,29,'4'),(500,1,11,30,'198'),(501,1,11,31,'1'),(502,1,11,32,'25'),(503,1,11,33,'0'),(504,1,11,34,'3'),(505,1,11,35,'0'),(506,1,11,36,'58'),(507,1,11,37,'13'),(508,1,11,38,'2'),(509,1,11,39,'1'),(510,1,11,40,'0'),(511,1,11,41,'0'),(512,1,11,42,'0'),(513,1,11,43,'0'),(514,1,11,44,'0'),(515,1,11,45,'0'),(516,1,11,46,'0'),(517,1,11,47,'3'),(518,1,12,1,'12'),(519,1,12,2,'17'),(520,1,12,3,'19'),(521,1,12,4,'44'),(522,1,12,5,'1'),(523,1,12,6,'1'),(524,1,12,7,'0'),(525,1,12,8,'0'),(526,1,12,9,'1'),(527,1,12,10,'0'),(528,1,12,11,'1'),(529,1,12,12,'0'),(530,1,12,13,'0'),(531,1,12,14,'0'),(532,1,12,15,'0'),(533,1,12,16,'1'),(534,1,12,17,'0'),(535,1,12,18,'39'),(536,1,12,19,'85'),(537,1,12,20,'0'),(538,1,12,21,'0'),(539,1,12,22,'5'),(540,1,12,23,'21'),(541,1,12,24,'0'),(542,1,12,25,'0'),(543,1,12,26,'0'),(544,1,12,27,'439'),(545,1,12,28,'1'),(546,1,12,29,'4'),(547,1,12,30,'203'),(548,1,12,31,'0'),(549,1,12,32,'31'),(550,1,12,33,'0'),(551,1,12,34,'2'),(552,1,12,35,'0'),(553,1,12,36,'47'),(554,1,12,37,'11'),(555,1,12,38,'5'),(556,1,12,39,'0'),(557,1,12,40,'0'),(558,1,12,41,'0'),(559,1,12,42,'2'),(560,1,12,43,'2'),(561,1,12,44,'0'),(562,1,12,45,'0'),(563,1,12,46,'0'),(564,1,12,47,'2'),(565,1,13,1,'13'),(566,1,13,2,'18'),(567,1,13,3,'20'),(568,1,13,4,'45'),(569,1,13,5,'4'),(570,1,13,6,'2'),(571,1,13,7,'1'),(572,1,13,8,'3'),(573,1,13,9,'1'),(574,1,13,10,'0'),(575,1,13,11,'8'),(576,1,13,12,'0'),(577,1,13,13,'1'),(578,1,13,14,'0'),(579,1,13,15,'0'),(580,1,13,16,'2'),(581,1,13,17,'0'),(582,1,13,18,'44'),(583,1,13,19,'89'),(584,1,13,20,'0'),(585,1,13,21,'0'),(586,1,13,22,'2'),(587,1,13,23,'15'),(588,1,13,24,'0'),(589,1,13,25,'2'),(590,1,13,26,'0'),(591,1,13,27,'355'),(592,1,13,28,'0'),(593,1,13,29,'17'),(594,1,13,30,'191'),(595,1,13,31,'6'),(596,1,13,32,'14'),(597,1,13,33,'2'),(598,1,13,34,'2'),(599,1,13,35,'0'),(600,1,13,36,'38'),(601,1,13,37,'11'),(602,1,13,38,'3'),(603,1,13,39,'0'),(604,1,13,40,'0'),(605,1,13,41,'0'),(606,1,13,42,'7'),(607,1,13,43,'0'),(608,1,13,44,'0'),(609,1,13,45,'0'),(610,1,13,46,'11'),(611,1,13,47,'13'),(612,1,14,1,'14'),(613,1,14,2,'20'),(614,1,14,3,'22'),(615,1,14,4,'47'),(616,1,14,5,'3'),(617,1,14,6,'5'),(618,1,14,7,'0'),(619,1,14,8,'4'),(620,1,14,9,'1'),(621,1,14,10,'0'),(622,1,14,11,'7'),(623,1,14,12,'1'),(624,1,14,13,'0'),(625,1,14,14,'0'),(626,1,14,15,'0'),(627,1,14,16,'5'),(628,1,14,17,'1'),(629,1,14,18,'59'),(630,1,14,19,'85'),(631,1,14,20,'0'),(632,1,14,21,'0'),(633,1,14,22,'1'),(634,1,14,23,'15'),(635,1,14,24,'0'),(636,1,14,25,'0'),(637,1,14,26,'0'),(638,1,14,27,'331'),(639,1,14,28,'1'),(640,1,14,29,'8'),(641,1,14,30,'170'),(642,1,14,31,'3'),(643,1,14,32,'30'),(644,1,14,33,'3'),(645,1,14,34,'1'),(646,1,14,35,'0'),(647,1,14,36,'43'),(648,1,14,37,'10'),(649,1,14,38,'4'),(650,1,14,39,'0'),(651,1,14,40,'0'),(652,1,14,41,'0'),(653,1,14,42,'13'),(654,1,14,43,'1'),(655,1,14,44,'0'),(656,1,14,45,'0'),(657,1,14,46,'0'),(658,1,14,47,'4'),(659,1,15,1,'15'),(660,1,15,2,'21'),(661,1,15,3,'23'),(662,1,15,4,'63'),(663,1,15,5,'3'),(664,1,15,6,'5'),(665,1,15,7,'2'),(666,1,15,8,'2'),(667,1,15,9,'1'),(668,1,15,10,'3'),(669,1,15,11,'5'),(670,1,15,12,'0'),(671,1,15,13,'0'),(672,1,15,14,'0'),(673,1,15,15,'0'),(674,1,15,16,'1'),(675,1,15,17,'1'),(676,1,15,18,'27'),(677,1,15,19,'84'),(678,1,15,20,'0'),(679,1,15,21,'0'),(680,1,15,22,'2'),(681,1,15,23,'14'),(682,1,15,24,'0'),(683,1,15,25,'0'),(684,1,15,26,'0'),(685,1,15,27,'338'),(686,1,15,28,'0'),(687,1,15,29,'1'),(688,1,15,30,'207'),(689,1,15,31,'0'),(690,1,15,32,'25'),(691,1,15,33,'0'),(692,1,15,34,'2'),(693,1,15,35,'0'),(694,1,15,36,'54'),(695,1,15,37,'1'),(696,1,15,38,'8'),(697,1,15,39,'0'),(698,1,15,40,'0'),(699,1,15,41,'0'),(700,1,15,42,'6'),(701,1,15,43,'0'),(702,1,15,44,'0'),(703,1,15,45,'0'),(704,1,15,46,'0'),(705,1,15,47,'0'),(706,1,16,1,'16'),(707,1,16,2,'22'),(708,1,16,3,'24'),(709,1,16,4,'50'),(710,1,16,5,'1'),(711,1,16,6,'8'),(712,1,16,7,'1'),(713,1,16,8,'2'),(714,1,16,9,'1'),(715,1,16,10,'0'),(716,1,16,11,'4'),(717,1,16,12,'1'),(718,1,16,13,'0'),(719,1,16,14,'0'),(720,1,16,15,'0'),(721,1,16,16,'1'),(722,1,16,17,'1'),(723,1,16,18,'39'),(724,1,16,19,'84'),(725,1,16,20,'0'),(726,1,16,21,'0'),(727,1,16,22,'2'),(728,1,16,23,'13'),(729,1,16,24,'0'),(730,1,16,25,'0'),(731,1,16,26,'0'),(732,1,16,27,'547'),(733,1,16,28,'0'),(734,1,16,29,'4'),(735,1,16,30,'193'),(736,1,16,31,'8'),(737,1,16,32,'25'),(738,1,16,33,'1'),(739,1,16,34,'3'),(740,1,16,35,'0'),(741,1,16,36,'38'),(742,1,16,37,'12'),(743,1,16,38,'1'),(744,1,16,39,'0'),(745,1,16,40,'0'),(746,1,16,41,'0'),(747,1,16,42,'12'),(748,1,16,43,'1'),(749,1,16,44,'0'),(750,1,16,45,'0'),(751,1,16,46,'9'),(752,1,16,47,'7'),(753,1,17,1,'17'),(754,1,17,2,'23'),(755,1,17,3,'25'),(756,1,17,4,'53'),(757,1,17,5,'3'),(758,1,17,6,'3'),(759,1,17,7,'0'),(760,1,17,8,'4'),(761,1,17,9,'0'),(762,1,17,10,'2'),(763,1,17,11,'6'),(764,1,17,12,'1'),(765,1,17,13,'0'),(766,1,17,14,'0'),(767,1,17,15,'0'),(768,1,17,16,'3'),(769,1,17,17,'0'),(770,1,17,18,'34'),(771,1,17,19,'77'),(772,1,17,20,'0'),(773,1,17,21,'0'),(774,1,17,22,'1'),(775,1,17,23,'11'),(776,1,17,24,'0'),(777,1,17,25,'0'),(778,1,17,26,'0'),(779,1,17,27,'561'),(780,1,17,28,'1'),(781,1,17,29,'1'),(782,1,17,30,'195'),(783,1,17,31,'1'),(784,1,17,32,'38'),(785,1,17,33,'0'),(786,1,17,34,'2'),(787,1,17,35,'0'),(788,1,17,36,'27'),(789,1,17,37,'8'),(790,1,17,38,'4'),(791,1,17,39,'0'),(792,1,17,40,'0'),(793,1,17,41,'0'),(794,1,17,42,'15'),(795,1,17,43,'1'),(796,1,17,44,'0'),(797,1,17,45,'0'),(798,1,17,46,'0'),(799,1,17,47,'0'),(800,1,18,1,'18'),(801,1,18,2,'24'),(802,1,18,3,'26'),(803,1,18,4,'51'),(804,1,18,5,'2'),(805,1,18,6,'6'),(806,1,18,7,'4'),(807,1,18,8,'5'),(808,1,18,9,'0'),(809,1,18,10,'1'),(810,1,18,11,'7'),(811,1,18,12,'0'),(812,1,18,13,'0'),(813,1,18,14,'0'),(814,1,18,15,'0'),(815,1,18,16,'0'),(816,1,18,17,'0'),(817,1,18,18,'40'),(818,1,18,19,'156'),(819,1,18,20,'0'),(820,1,18,21,'0'),(821,1,18,22,'1'),(822,1,18,23,'8'),(823,1,18,24,'0'),(824,1,18,25,'0'),(825,1,18,26,'3'),(826,1,18,27,'524'),(827,1,18,28,'0'),(828,1,18,29,'2'),(829,1,18,30,'207'),(830,1,18,31,'0'),(831,1,18,32,'14'),(832,1,18,33,'0'),(833,1,18,34,'2'),(834,1,18,35,'0'),(835,1,18,36,'53'),(836,1,18,37,'15'),(837,1,18,38,'3'),(838,1,18,39,'0'),(839,1,18,40,'0'),(840,1,18,41,'0'),(841,1,18,42,'13'),(842,1,18,43,'0'),(843,1,18,44,'0'),(844,1,18,45,'0'),(845,1,18,46,'1'),(846,1,18,47,'0'),(847,1,19,1,'19'),(848,1,19,2,'25'),(849,1,19,3,'27'),(850,1,19,4,'53'),(851,1,19,5,'3'),(852,1,19,6,'3'),(853,1,19,7,'0'),(854,1,19,8,'4'),(855,1,19,9,'0'),(856,1,19,10,'2'),(857,1,19,11,'6'),(858,1,19,12,'1'),(859,1,19,13,'0'),(860,1,19,14,'0'),(861,1,19,15,'0'),(862,1,19,16,'3'),(863,1,19,17,'0'),(864,1,19,18,'34'),(865,1,19,19,'77'),(866,1,19,20,'0'),(867,1,19,21,'0'),(868,1,19,22,'1'),(869,1,19,23,'11'),(870,1,19,24,'0'),(871,1,19,25,'0'),(872,1,19,26,'0'),(873,1,19,27,'561'),(874,1,19,28,'1'),(875,1,19,29,'1'),(876,1,19,30,'195'),(877,1,19,31,'1'),(878,1,19,32,'38'),(879,1,19,33,'0'),(880,1,19,34,'2'),(881,1,19,35,'0'),(882,1,19,36,'27'),(883,1,19,37,'8'),(884,1,19,38,'4'),(885,1,19,39,'0'),(886,1,19,40,'0'),(887,1,19,41,'0'),(888,1,19,42,'15'),(889,1,19,43,'1'),(890,1,19,44,'0'),(891,1,19,45,'0'),(892,1,19,46,'0'),(893,1,19,47,'0'),(894,1,20,1,'20'),(895,1,20,2,'26'),(896,1,20,3,'28'),(897,1,20,4,'50'),(898,1,20,5,'1'),(899,1,20,6,'4'),(900,1,20,7,'0'),(901,1,20,8,'5'),(902,1,20,9,'1'),(903,1,20,10,'0'),(904,1,20,11,'9'),(905,1,20,12,'0'),(906,1,20,13,'0'),(907,1,20,14,'0'),(908,1,20,15,'0'),(909,1,20,16,'4'),(910,1,20,17,'0'),(911,1,20,18,'26'),(912,1,20,19,'95'),(913,1,20,20,'0'),(914,1,20,21,'0'),(915,1,20,22,'0'),(916,1,20,23,'25'),(917,1,20,24,'0'),(918,1,20,25,'1'),(919,1,20,26,'0'),(920,1,20,27,'464'),(921,1,20,28,'0'),(922,1,20,29,'3'),(923,1,20,30,'221'),(924,1,20,31,'1'),(925,1,20,32,'18'),(926,1,20,33,'0'),(927,1,20,34,'0'),(928,1,20,35,'0'),(929,1,20,36,'33'),(930,1,20,37,'11'),(931,1,20,38,'1'),(932,1,20,39,'0'),(933,1,20,40,'0'),(934,1,20,41,'0'),(935,1,20,42,'35'),(936,1,20,43,'0'),(937,1,20,44,'0'),(938,1,20,45,'0'),(939,1,20,46,'0'),(940,1,20,47,'1'),(941,1,21,1,'21'),(942,1,21,2,'28'),(943,1,21,3,'30'),(944,1,21,4,'59'),(945,1,21,5,'2'),(946,1,21,6,'4'),(947,1,21,7,'0'),(948,1,21,8,'3'),(949,1,21,9,'0'),(950,1,21,10,'0'),(951,1,21,11,'8'),(952,1,21,12,'1'),(953,1,21,13,'0'),(954,1,21,14,'0'),(955,1,21,15,'0'),(956,1,21,16,'3'),(957,1,21,17,'0'),(958,1,21,18,'43'),(959,1,21,19,'195'),(960,1,21,20,'0'),(961,1,21,21,'0'),(962,1,21,22,'0'),(963,1,21,23,'9'),(964,1,21,24,'0'),(965,1,21,25,'0'),(966,1,21,26,'0'),(967,1,21,27,'508'),(968,1,21,28,'1'),(969,1,21,29,'1'),(970,1,21,30,'199'),(971,1,21,31,'4'),(972,1,21,32,'24'),(973,1,21,33,'0'),(974,1,21,34,'3'),(975,1,21,35,'0'),(976,1,21,36,'33'),(977,1,21,37,'10'),(978,1,21,38,'1'),(979,1,21,39,'0'),(980,1,21,40,'0'),(981,1,21,41,'0'),(982,1,21,42,'9'),(983,1,21,43,'0'),(984,1,21,44,'0'),(985,1,21,45,'0'),(986,1,21,46,'0'),(987,1,21,47,'11'),(988,1,22,1,'22'),(989,1,22,2,'30'),(990,1,22,3,'32'),(991,1,22,4,'49'),(992,1,22,5,'0'),(993,1,22,6,'5'),(994,1,22,7,'2'),(995,1,22,8,'3'),(996,1,22,9,'0'),(997,1,22,10,'3'),(998,1,22,11,'11'),(999,1,22,12,'1'),(1000,1,22,13,'0'),(1001,1,22,14,'0'),(1002,1,22,15,'0'),(1003,1,22,16,'1'),(1004,1,22,17,'0'),(1005,1,22,18,'46'),(1006,1,22,19,'182'),(1007,1,22,20,'0'),(1008,1,22,21,'0'),(1009,1,22,22,'1'),(1010,1,22,23,'14'),(1011,1,22,24,'0'),(1012,1,22,25,'0'),(1013,1,22,26,'4'),(1014,1,22,27,'330'),(1015,1,22,28,'0'),(1016,1,22,29,'8'),(1017,1,22,30,'178'),(1018,1,22,31,'3'),(1019,1,22,32,'44'),(1020,1,22,33,'0'),(1021,1,22,34,'4'),(1022,1,22,35,'0'),(1023,1,22,36,'37'),(1024,1,22,37,'11'),(1025,1,22,38,'2'),(1026,1,22,39,'0'),(1027,1,22,40,'0'),(1028,1,22,41,'0'),(1029,1,22,42,'12'),(1030,1,22,43,'0'),(1031,1,22,44,'0'),(1032,1,22,45,'0'),(1033,1,22,46,'0'),(1034,1,22,47,'5'),(1035,1,23,1,'23'),(1036,1,23,2,'32'),(1037,1,23,3,'34'),(1038,1,23,4,'52'),(1039,1,23,5,'0'),(1040,1,23,6,'4'),(1041,1,23,7,'1'),(1042,1,23,8,'3'),(1043,1,23,9,'0'),(1044,1,23,10,'1'),(1045,1,23,11,'7'),(1046,1,23,12,'0'),(1047,1,23,13,'0'),(1048,1,23,14,'0'),(1049,1,23,15,'0'),(1050,1,23,16,'1'),(1051,1,23,17,'0'),(1052,1,23,18,'46'),(1053,1,23,19,'160'),(1054,1,23,20,'1'),(1055,1,23,21,'0'),(1056,1,23,22,'0'),(1057,1,23,23,'15'),(1058,1,23,24,'0'),(1059,1,23,25,'0'),(1060,1,23,26,'0'),(1061,1,23,27,'296'),(1062,1,23,28,'0'),(1063,1,23,29,'2'),(1064,1,23,30,'182'),(1065,1,23,31,'1'),(1066,1,23,32,'55'),(1067,1,23,33,'0'),(1068,1,23,34,'2'),(1069,1,23,35,'0'),(1070,1,23,36,'28'),(1071,1,23,37,'9'),(1072,1,23,38,'0'),(1073,1,23,39,'0'),(1074,1,23,40,'1'),(1075,1,23,41,'0'),(1076,1,23,42,'13'),(1077,1,23,43,'1'),(1078,1,23,44,'0'),(1079,1,23,45,'0'),(1080,1,23,46,'0'),(1081,1,23,47,'8'),(1082,1,24,1,'24'),(1083,1,24,2,'34'),(1084,1,24,3,'36'),(1085,1,24,4,'42'),(1086,1,24,5,'2'),(1087,1,24,6,'1'),(1088,1,24,7,'1'),(1089,1,24,8,'4'),(1090,1,24,9,'0'),(1091,1,24,10,'2'),(1092,1,24,11,'9'),(1093,1,24,12,'0'),(1094,1,24,13,'0'),(1095,1,24,14,'0'),(1096,1,24,15,'0'),(1097,1,24,16,'1'),(1098,1,24,17,'0'),(1099,1,24,18,'32'),(1100,1,24,19,'108'),(1101,1,24,20,'1'),(1102,1,24,21,'0'),(1103,1,24,22,'1'),(1104,1,24,23,'34'),(1105,1,24,24,'0'),(1106,1,24,25,'0'),(1107,1,24,26,'1'),(1108,1,24,27,'447'),(1109,1,24,28,'0'),(1110,1,24,29,'9'),(1111,1,24,30,'196'),(1112,1,24,31,'0'),(1113,1,24,32,'32'),(1114,1,24,33,'2'),(1115,1,24,34,'5'),(1116,1,24,35,'0'),(1117,1,24,36,'41'),(1118,1,24,37,'8'),(1119,1,24,38,'2'),(1120,1,24,39,'0'),(1121,1,24,40,'0'),(1122,1,24,41,'0'),(1123,1,24,42,'13'),(1124,1,24,43,'2'),(1125,1,24,44,'0'),(1126,1,24,45,'0'),(1127,1,24,46,'0'),(1128,1,24,47,'0'),(1129,1,25,1,'25'),(1130,1,25,2,'36'),(1131,1,25,3,'38'),(1132,1,25,4,'51'),(1133,1,25,5,'2'),(1134,1,25,6,'1'),(1135,1,25,7,'0'),(1136,1,25,8,'4'),(1137,1,25,9,'0'),(1138,1,25,10,'5'),(1139,1,25,11,'6'),(1140,1,25,12,'0'),(1141,1,25,13,'0'),(1142,1,25,14,'0'),(1143,1,25,15,'0'),(1144,1,25,16,'4'),(1145,1,25,17,'0'),(1146,1,25,18,'31'),(1147,1,25,19,'86'),(1148,1,25,20,'0'),(1149,1,25,21,'0'),(1150,1,25,22,'3'),(1151,1,25,23,'19'),(1152,1,25,24,'0'),(1153,1,25,25,'0'),(1154,1,25,26,'0'),(1155,1,25,27,'216'),(1156,1,25,28,'0'),(1157,1,25,29,'11'),(1158,1,25,30,'190'),(1159,1,25,31,'0'),(1160,1,25,32,'34'),(1161,1,25,33,'1'),(1162,1,25,34,'2'),(1163,1,25,35,'0'),(1164,1,25,36,'39'),(1165,1,25,37,'16'),(1166,1,25,38,'0'),(1167,1,25,39,'0'),(1168,1,25,40,'0'),(1169,1,25,41,'0'),(1170,1,25,42,'10'),(1171,1,25,43,'0'),(1172,1,25,44,'0'),(1173,1,25,45,'0'),(1174,1,25,46,'0'),(1175,1,25,47,'2'),(1176,1,26,1,'26'),(1177,1,26,2,'38'),(1178,1,26,3,'40'),(1179,1,26,4,'39'),(1180,1,26,5,'0'),(1181,1,26,6,'5'),(1182,1,26,7,'2'),(1183,1,26,8,'5'),(1184,1,26,9,'1'),(1185,1,26,10,'2'),(1186,1,26,11,'5'),(1187,1,26,12,'0'),(1188,1,26,13,'0'),(1189,1,26,14,'3'),(1190,1,26,15,'0'),(1191,1,26,16,'1'),(1192,1,26,17,'0'),(1193,1,26,18,'26'),(1194,1,26,19,'78'),(1195,1,26,20,'0'),(1196,1,26,21,'0'),(1197,1,26,22,'1'),(1198,1,26,23,'27'),(1199,1,26,24,'0'),(1200,1,26,25,'1'),(1201,1,26,26,'0'),(1202,1,26,27,'274'),(1203,1,26,28,'0'),(1204,1,26,29,'16'),(1205,1,26,30,'221'),(1206,1,26,31,'0'),(1207,1,26,32,'28'),(1208,1,26,33,'0'),(1209,1,26,34,'4'),(1210,1,26,35,'0'),(1211,1,26,36,'31'),(1212,1,26,37,'10'),(1213,1,26,38,'3'),(1214,1,26,39,'0'),(1215,1,26,40,'0'),(1216,1,26,41,'0'),(1217,1,26,42,'9'),(1218,1,26,43,'0'),(1219,1,26,44,'0'),(1220,1,26,45,'0'),(1221,1,26,46,'0'),(1222,1,26,47,'9'),(1223,1,27,1,'27'),(1224,1,27,2,'40'),(1225,1,27,3,'42'),(1226,1,27,4,'50'),(1227,1,27,5,'3'),(1228,1,27,6,'6'),(1229,1,27,7,'1'),(1230,1,27,8,'2'),(1231,1,27,9,'0'),(1232,1,27,10,'1'),(1233,1,27,11,'5'),(1234,1,27,12,'0'),(1235,1,27,13,'0'),(1236,1,27,14,'0'),(1237,1,27,15,'0'),(1238,1,27,16,'7'),(1239,1,27,17,'0'),(1240,1,27,18,'37'),(1241,1,27,19,'90'),(1242,1,27,20,'0'),(1243,1,27,21,'0'),(1244,1,27,22,'1'),(1245,1,27,23,'14'),(1246,1,27,24,'0'),(1247,1,27,25,'0'),(1248,1,27,26,'0'),(1249,1,27,27,'406'),(1250,1,27,28,'0'),(1251,1,27,29,'14'),(1252,1,27,30,'206'),(1253,1,27,31,'0'),(1254,1,27,32,'16'),(1255,1,27,33,'1'),(1256,1,27,34,'0'),(1257,1,27,35,'0'),(1258,1,27,36,'36'),(1259,1,27,37,'6'),(1260,1,27,38,'7'),(1261,1,27,39,'0'),(1262,1,27,40,'0'),(1263,1,27,41,'0'),(1264,1,27,42,'16'),(1265,1,27,43,'0'),(1266,1,27,44,'0'),(1267,1,27,45,'0'),(1268,1,27,46,'0'),(1269,1,27,47,'5'),(1270,1,28,1,'28'),(1271,1,28,2,'42'),(1272,1,28,3,'44'),(1273,1,28,4,'42'),(1274,1,28,5,'3'),(1275,1,28,6,'5'),(1276,1,28,7,'3'),(1277,1,28,8,'3'),(1278,1,28,9,'0'),(1279,1,28,10,'2'),(1280,1,28,11,'13'),(1281,1,28,12,'0'),(1282,1,28,13,'0'),(1283,1,28,14,'0'),(1284,1,28,15,'1'),(1285,1,28,16,'3'),(1286,1,28,17,'0'),(1287,1,28,18,'37'),(1288,1,28,19,'96'),(1289,1,28,20,'0'),(1290,1,28,21,'0'),(1291,1,28,22,'0'),(1292,1,28,23,'25'),(1293,1,28,24,'0'),(1294,1,28,25,'0'),(1295,1,28,26,'0'),(1296,1,28,27,'452'),(1297,1,28,28,'0'),(1298,1,28,29,'19'),(1299,1,28,30,'182'),(1300,1,28,31,'0'),(1301,1,28,32,'18'),(1302,1,28,33,'0'),(1303,1,28,34,'1'),(1304,1,28,35,'0'),(1305,1,28,36,'50'),(1306,1,28,37,'11'),(1307,1,28,38,'6'),(1308,1,28,39,'0'),(1309,1,28,40,'0'),(1310,1,28,41,'0'),(1311,1,28,42,'22'),(1312,1,28,43,'1'),(1313,1,28,44,'0'),(1314,1,28,45,'0'),(1315,1,28,46,'0'),(1316,1,28,47,'12'),(1317,1,29,1,'29'),(1318,1,29,2,'43'),(1319,1,29,3,'45'),(1320,1,29,4,'58'),(1321,1,29,5,'3'),(1322,1,29,6,'4'),(1323,1,29,7,'1'),(1324,1,29,8,'3'),(1325,1,29,9,'1'),(1326,1,29,10,'0'),(1327,1,29,11,'4'),(1328,1,29,12,'1'),(1329,1,29,13,'0'),(1330,1,29,14,'0'),(1331,1,29,15,'0'),(1332,1,29,16,'2'),(1333,1,29,17,'0'),(1334,1,29,18,'18'),(1335,1,29,19,'123'),(1336,1,29,20,'0'),(1337,1,29,21,'0'),(1338,1,29,22,'0'),(1339,1,29,23,'15'),(1340,1,29,24,'0'),(1341,1,29,25,'0'),(1342,1,29,26,'1'),(1343,1,29,27,'527'),(1344,1,29,28,'0'),(1345,1,29,29,'0'),(1346,1,29,30,'204'),(1347,1,29,31,'1'),(1348,1,29,32,'23'),(1349,1,29,33,'0'),(1350,1,29,34,'1'),(1351,1,29,35,'0'),(1352,1,29,36,'45'),(1353,1,29,37,'10'),(1354,1,29,38,'4'),(1355,1,29,39,'0'),(1356,1,29,40,'0'),(1357,1,29,41,'0'),(1358,1,29,42,'12'),(1359,1,29,43,'0'),(1360,1,29,44,'0'),(1361,1,29,45,'0'),(1362,1,29,46,'0'),(1363,1,29,47,'1'),(1364,1,30,1,'30'),(1365,1,30,2,'44'),(1366,1,30,3,'46'),(1367,1,30,4,'51'),(1368,1,30,5,'0'),(1369,1,30,6,'3'),(1370,1,30,7,'0'),(1371,1,30,8,'4'),(1372,1,30,9,'0'),(1373,1,30,10,'0'),(1374,1,30,11,'3'),(1375,1,30,12,'0'),(1376,1,30,13,'0'),(1377,1,30,14,'0'),(1378,1,30,15,'0'),(1379,1,30,16,'44'),(1380,1,30,17,'0'),(1381,1,30,18,'28'),(1382,1,30,19,'91'),(1383,1,30,20,'0'),(1384,1,30,21,'0'),(1385,1,30,22,'3'),(1386,1,30,23,'20'),(1387,1,30,24,'0'),(1388,1,30,25,'0'),(1389,1,30,26,'0'),(1390,1,30,27,'262'),(1391,1,30,28,'0'),(1392,1,30,29,'5'),(1393,1,30,30,'176'),(1394,1,30,31,'3'),(1395,1,30,32,'16'),(1396,1,30,33,'0'),(1397,1,30,34,'2'),(1398,1,30,35,'0'),(1399,1,30,36,'41'),(1400,1,30,37,'8'),(1401,1,30,38,'2'),(1402,1,30,39,'0'),(1403,1,30,40,'0'),(1404,1,30,41,'0'),(1405,1,30,42,'11'),(1406,1,30,43,'0'),(1407,1,30,44,'0'),(1408,1,30,45,'0'),(1409,1,30,46,'0'),(1410,1,30,47,'1'),(1411,1,31,1,'31'),(1412,1,31,2,'46'),(1413,1,31,3,'48'),(1414,1,31,4,'49'),(1415,1,31,5,'1'),(1416,1,31,6,'3'),(1417,1,31,7,'0'),(1418,1,31,8,'3'),(1419,1,31,9,'0'),(1420,1,31,10,'1'),(1421,1,31,11,'4'),(1422,1,31,12,'0'),(1423,1,31,13,'0'),(1424,1,31,14,'0'),(1425,1,31,15,'1'),(1426,1,31,16,'1'),(1427,1,31,17,'0'),(1428,1,31,18,'25'),(1429,1,31,19,'169'),(1430,1,31,20,'0'),(1431,1,31,21,'0'),(1432,1,31,22,'0'),(1433,1,31,23,'20'),(1434,1,31,24,'0'),(1435,1,31,25,'0'),(1436,1,31,26,'0'),(1437,1,31,27,'368'),(1438,1,31,28,'0'),(1439,1,31,29,'0'),(1440,1,31,30,'221'),(1441,1,31,31,'0'),(1442,1,31,32,'41'),(1443,1,31,33,'0'),(1444,1,31,34,'1'),(1445,1,31,35,'0'),(1446,1,31,36,'28'),(1447,1,31,37,'3'),(1448,1,31,38,'4'),(1449,1,31,39,'0'),(1450,1,31,40,'0'),(1451,1,31,41,'0'),(1452,1,31,42,'13'),(1453,1,31,43,'1'),(1454,1,31,44,'0'),(1455,1,31,45,'0'),(1456,1,31,46,'0'),(1457,1,31,47,'2'),(1458,1,32,1,'32'),(1459,1,32,2,'47.9'),(1460,1,32,3,'64'),(1461,1,32,4,'41'),(1462,1,32,5,'0'),(1463,1,32,6,'0'),(1464,1,32,7,'3'),(1465,1,32,8,'39'),(1466,1,32,9,'4'),(1467,1,32,10,'1'),(1468,1,32,11,'19'),(1469,1,32,12,'0'),(1470,1,32,13,'0'),(1471,1,32,14,'0'),(1472,1,32,15,'0'),(1473,1,32,16,'0'),(1474,1,32,17,'0'),(1475,1,32,18,'12'),(1476,1,32,19,'98'),(1477,1,32,20,'0'),(1478,1,32,21,'0'),(1479,1,32,22,'0'),(1480,1,32,23,'10'),(1481,1,32,24,'0'),(1482,1,32,25,'1'),(1483,1,32,26,'0'),(1484,1,32,27,'142'),(1485,1,32,28,'0'),(1486,1,32,29,'0'),(1487,1,32,30,'185'),(1488,1,32,31,'3'),(1489,1,32,32,'37'),(1490,1,32,33,'0'),(1491,1,32,34,'5'),(1492,1,32,35,'0'),(1493,1,32,36,'37'),(1494,1,32,37,'12'),(1495,1,32,38,'2'),(1496,1,32,39,'0'),(1497,1,32,40,'0'),(1498,1,32,41,'0'),(1499,1,32,42,'1'),(1500,1,32,43,'0'),(1501,1,32,44,'0'),(1502,1,32,45,'0'),(1503,1,32,46,'0'),(1504,1,32,47,'2'),(1505,1,33,1,'33'),(1506,1,33,2,'48'),(1507,1,33,3,'50'),(1508,1,33,4,'54'),(1509,1,33,5,'1'),(1510,1,33,6,'1'),(1511,1,33,7,'1'),(1512,1,33,8,'4'),(1513,1,33,9,'0'),(1514,1,33,10,'1'),(1515,1,33,11,'2'),(1516,1,33,12,'0'),(1517,1,33,13,'0'),(1518,1,33,14,'0'),(1519,1,33,15,'0'),(1520,1,33,16,'3'),(1521,1,33,17,'0'),(1522,1,33,18,'38'),(1523,1,33,19,'104'),(1524,1,33,20,'0'),(1525,1,33,21,'0'),(1526,1,33,22,'0'),(1527,1,33,23,'19'),(1528,1,33,24,'0'),(1529,1,33,25,'0'),(1530,1,33,26,'0'),(1531,1,33,27,'289'),(1532,1,33,28,'0'),(1533,1,33,29,'11'),(1534,1,33,30,'160'),(1535,1,33,31,'0'),(1536,1,33,32,'44'),(1537,1,33,33,'0'),(1538,1,33,34,'5'),(1539,1,33,35,'0'),(1540,1,33,36,'36'),(1541,1,33,37,'12'),(1542,1,33,38,'0'),(1543,1,33,39,'0'),(1544,1,33,40,'0'),(1545,1,33,41,'0'),(1546,1,33,42,'7'),(1547,1,33,43,'0'),(1548,1,33,44,'0'),(1549,1,33,45,'0'),(1550,1,33,46,'0'),(1551,1,33,47,'4'),(1552,1,34,1,'34'),(1553,1,34,2,'50.5'),(1554,1,34,3,'66'),(1555,1,34,4,'34'),(1556,1,34,5,'1'),(1557,1,34,6,'2'),(1558,1,34,7,'0'),(1559,1,34,8,'34'),(1560,1,34,9,'0'),(1561,1,34,10,'3'),(1562,1,34,11,'24'),(1563,1,34,12,'0'),(1564,1,34,13,'0'),(1565,1,34,14,'0'),(1566,1,34,15,'0'),(1567,1,34,16,'2'),(1568,1,34,17,'0'),(1569,1,34,18,'14'),(1570,1,34,19,'94'),(1571,1,34,20,'0'),(1572,1,34,21,'0'),(1573,1,34,22,'0'),(1574,1,34,23,'8'),(1575,1,34,24,'0'),(1576,1,34,25,'0'),(1577,1,34,26,'0'),(1578,1,34,27,'80'),(1579,1,34,28,'0'),(1580,1,34,29,'0'),(1581,1,34,30,'196'),(1582,1,34,31,'0'),(1583,1,34,32,'44'),(1584,1,34,33,'0'),(1585,1,34,34,'4'),(1586,1,34,35,'0'),(1587,1,34,36,'41'),(1588,1,34,37,'17'),(1589,1,34,38,'1'),(1590,1,34,39,'0'),(1591,1,34,40,'0'),(1592,1,34,41,'0'),(1593,1,34,42,'0'),(1594,1,34,43,'0'),(1595,1,34,44,'0'),(1596,1,34,45,'0'),(1597,1,34,46,'0'),(1598,1,34,47,'1'),(1599,1,35,1,'35'),(1600,1,35,2,'54.6'),(1601,1,35,3,'69'),(1602,1,35,4,'22'),(1603,1,35,5,'0'),(1604,1,35,6,'2'),(1605,1,35,7,'1'),(1606,1,35,8,'5'),(1607,1,35,9,'0'),(1608,1,35,10,'0'),(1609,1,35,11,'10'),(1610,1,35,12,'0'),(1611,1,35,13,'0'),(1612,1,35,14,'0'),(1613,1,35,15,'0'),(1614,1,35,16,'0'),(1615,1,35,17,'0'),(1616,1,35,18,'36'),(1617,1,35,19,'205'),(1618,1,35,20,'0'),(1619,1,35,21,'0'),(1620,1,35,22,'0'),(1621,1,35,23,'4'),(1622,1,35,24,'0'),(1623,1,35,25,'0'),(1624,1,35,26,'0'),(1625,1,35,27,'148'),(1626,1,35,28,'0'),(1627,1,35,29,'0'),(1628,1,35,30,'229'),(1629,1,35,31,'0'),(1630,1,35,32,'46'),(1631,1,35,33,'0'),(1632,1,35,34,'2'),(1633,1,35,35,'0'),(1634,1,35,36,'42'),(1635,1,35,37,'8'),(1636,1,35,38,'3'),(1637,1,35,39,'1'),(1638,1,35,40,'0'),(1639,1,35,41,'0'),(1640,1,35,42,'0'),(1641,1,35,43,'1'),(1642,1,35,44,'0'),(1643,1,35,45,'0'),(1644,1,35,46,'0'),(1645,1,35,47,'0'),(1646,1,36,1,'36'),(1647,1,36,2,'57.3'),(1648,1,36,3,'71'),(1649,1,36,4,'31'),(1650,1,36,5,'2'),(1651,1,36,6,'4'),(1652,1,36,7,'2'),(1653,1,36,8,'2'),(1654,1,36,9,'1'),(1655,1,36,10,'1'),(1656,1,36,11,'5'),(1657,1,36,12,'0'),(1658,1,36,13,'0'),(1659,1,36,14,'0'),(1660,1,36,15,'0'),(1661,1,36,16,'1'),(1662,1,36,17,'0'),(1663,1,36,18,'25'),(1664,1,36,19,'260'),(1665,1,36,20,'0'),(1666,1,36,21,'0'),(1667,1,36,22,'1'),(1668,1,36,23,'9'),(1669,1,36,24,'0'),(1670,1,36,25,'0'),(1671,1,36,26,'0'),(1672,1,36,27,'219'),(1673,1,36,28,'0'),(1674,1,36,29,'10'),(1675,1,36,30,'205'),(1676,1,36,31,'0'),(1677,1,36,32,'68'),(1678,1,36,33,'0'),(1679,1,36,34,'1'),(1680,1,36,35,'0'),(1681,1,36,36,'70'),(1682,1,36,37,'4'),(1683,1,36,38,'3'),(1684,1,36,39,'0'),(1685,1,36,40,'0'),(1686,1,36,41,'0'),(1687,1,36,42,'0'),(1688,1,36,43,'2'),(1689,1,36,44,'0'),(1690,1,36,45,'0'),(1691,1,36,46,'0'),(1692,1,36,47,'0'),(1693,1,37,1,'37'),(1694,1,37,2,'61.3'),(1695,1,37,3,'74'),(1696,1,37,4,'24'),(1697,1,37,5,'1'),(1698,1,37,6,'2'),(1699,1,37,7,'0'),(1700,1,37,8,'1'),(1701,1,37,9,'1'),(1702,1,37,10,'1'),(1703,1,37,11,'8'),(1704,1,37,12,'0'),(1705,1,37,13,'0'),(1706,1,37,14,'0'),(1707,1,37,15,'0'),(1708,1,37,16,'0'),(1709,1,37,17,'0'),(1710,1,37,18,'37'),(1711,1,37,19,'165'),(1712,1,37,20,'0'),(1713,1,37,21,'0'),(1714,1,37,22,'0'),(1715,1,37,23,'6'),(1716,1,37,24,'0'),(1717,1,37,25,'0'),(1718,1,37,26,'0'),(1719,1,37,27,'270'),(1720,1,37,28,'0'),(1721,1,37,29,'12'),(1722,1,37,30,'237'),(1723,1,37,31,'0'),(1724,1,37,32,'32'),(1725,1,37,33,'0'),(1726,1,37,34,'1'),(1727,1,37,35,'0'),(1728,1,37,36,'37'),(1729,1,37,37,'11'),(1730,1,37,38,'1'),(1731,1,37,39,'0'),(1732,1,37,40,'0'),(1733,1,37,41,'0'),(1734,1,37,42,'0'),(1735,1,37,43,'0'),(1736,1,37,44,'0'),(1737,1,37,45,'0'),(1738,1,37,46,'0'),(1739,1,37,47,'0'),(1740,1,38,1,'38'),(1741,1,38,2,'63.9'),(1742,1,38,3,'76'),(1743,1,38,4,'32'),(1744,1,38,5,'3'),(1745,1,38,6,'6'),(1746,1,38,7,'0'),(1747,1,38,8,'0'),(1748,1,38,9,'0'),(1749,1,38,10,'0'),(1750,1,38,11,'6'),(1751,1,38,12,'0'),(1752,1,38,13,'0'),(1753,1,38,14,'0'),(1754,1,38,15,'0'),(1755,1,38,16,'4'),(1756,1,38,17,'0'),(1757,1,38,18,'17'),(1758,1,38,19,'114'),(1759,1,38,20,'0'),(1760,1,38,21,'0'),(1761,1,38,22,'0'),(1762,1,38,23,'6'),(1763,1,38,24,'0'),(1764,1,38,25,'0'),(1765,1,38,26,'0'),(1766,1,38,27,'132'),(1767,1,38,28,'0'),(1768,1,38,29,'0'),(1769,1,38,30,'238'),(1770,1,38,31,'0'),(1771,1,38,32,'47'),(1772,1,38,33,'0'),(1773,1,38,34,'2'),(1774,1,38,35,'0'),(1775,1,38,36,'30'),(1776,1,38,37,'11'),(1777,1,38,38,'2'),(1778,1,38,39,'0'),(1779,1,38,40,'0'),(1780,1,38,41,'0'),(1781,1,38,42,'0'),(1782,1,38,43,'0'),(1783,1,38,44,'0'),(1784,1,38,45,'0'),(1785,1,38,46,'0'),(1786,1,38,47,'0'),(1787,1,39,1,'39'),(1788,1,39,2,'68'),(1789,1,39,3,'79'),(1790,1,39,4,'40'),(1791,1,39,5,'1'),(1792,1,39,6,'4'),(1793,1,39,7,'0'),(1794,1,39,8,'0'),(1795,1,39,9,'0'),(1796,1,39,10,'2'),(1797,1,39,11,'6'),(1798,1,39,12,'0'),(1799,1,39,13,'0'),(1800,1,39,14,'0'),(1801,1,39,15,'0'),(1802,1,39,16,'1'),(1803,1,39,17,'0'),(1804,1,39,18,'17'),(1805,1,39,19,'218'),(1806,1,39,20,'0'),(1807,1,39,21,'0'),(1808,1,39,22,'5'),(1809,1,39,23,'10'),(1810,1,39,24,'0'),(1811,1,39,25,'0'),(1812,1,39,26,'0'),(1813,1,39,27,'315'),(1814,1,39,28,'0'),(1815,1,39,29,'0'),(1816,1,39,30,'163'),(1817,1,39,31,'0'),(1818,1,39,32,'95'),(1819,1,39,33,'0'),(1820,1,39,34,'0'),(1821,1,39,35,'0'),(1822,1,39,36,'37'),(1823,1,39,37,'11'),(1824,1,39,38,'1'),(1825,1,39,39,'0'),(1826,1,39,40,'0'),(1827,1,39,41,'0'),(1828,1,39,42,'0'),(1829,1,39,43,'0'),(1830,1,39,44,'0'),(1831,1,39,45,'0'),(1832,1,39,46,'0'),(1833,1,39,47,'0'),(1834,1,40,1,'40'),(1835,1,40,2,'70.7'),(1836,1,40,3,'81'),(1837,1,40,4,'62'),(1838,1,40,5,'2'),(1839,1,40,6,'4'),(1840,1,40,7,'1'),(1841,1,40,8,'1'),(1842,1,40,9,'0'),(1843,1,40,10,'1'),(1844,1,40,11,'6'),(1845,1,40,12,'0'),(1846,1,40,13,'0'),(1847,1,40,14,'0'),(1848,1,40,15,'0'),(1849,1,40,16,'3'),(1850,1,40,17,'0'),(1851,1,40,18,'21'),(1852,1,40,19,'193'),(1853,1,40,20,'0'),(1854,1,40,21,'0'),(1855,1,40,22,'4'),(1856,1,40,23,'14'),(1857,1,40,24,'0'),(1858,1,40,25,'0'),(1859,1,40,26,'0'),(1860,1,40,27,'234'),(1861,1,40,28,'0'),(1862,1,40,29,'0'),(1863,1,40,30,'170'),(1864,1,40,31,'0'),(1865,1,40,32,'56'),(1866,1,40,33,'0'),(1867,1,40,34,'0'),(1868,1,40,35,'0'),(1869,1,40,36,'49'),(1870,1,40,37,'38'),(1871,1,40,38,'4'),(1872,1,40,39,'0'),(1873,1,40,40,'0'),(1874,1,40,41,'0'),(1875,1,40,42,'5'),(1876,1,40,43,'0'),(1877,1,40,44,'0'),(1878,1,40,45,'0'),(1879,1,40,46,'0'),(1880,1,40,47,'0'),(1881,1,41,1,'41'),(1882,1,41,2,'75'),(1883,1,41,3,'87'),(1884,1,41,4,'52'),(1885,1,41,5,'1'),(1886,1,41,6,'6'),(1887,1,41,7,'1'),(1888,1,41,8,'8'),(1889,1,41,9,'0'),(1890,1,41,10,'1'),(1891,1,41,11,'5'),(1892,1,41,12,'0'),(1893,1,41,13,'0'),(1894,1,41,14,'0'),(1895,1,41,15,'0'),(1896,1,41,16,'1'),(1897,1,41,17,'0'),(1898,1,41,18,'28'),(1899,1,41,19,'145'),(1900,1,41,20,'0'),(1901,1,41,21,'0'),(1902,1,41,22,'2'),(1903,1,41,23,'12'),(1904,1,41,24,'0'),(1905,1,41,25,'0'),(1906,1,41,26,'0'),(1907,1,41,27,'363'),(1908,1,41,28,'0'),(1909,1,41,29,'0'),(1910,1,41,30,'248'),(1911,1,41,31,'0'),(1912,1,41,32,'48'),(1913,1,41,33,'0'),(1914,1,41,34,'0'),(1915,1,41,35,'0'),(1916,1,41,36,'42'),(1917,1,41,37,'18'),(1918,1,41,38,'15'),(1919,1,41,39,'0'),(1920,1,41,40,'0'),(1921,1,41,41,'0'),(1922,1,41,42,'0'),(1923,1,41,43,'0'),(1924,1,41,44,'0'),(1925,1,41,45,'0'),(1926,1,41,46,'0'),(1927,1,41,47,'0'),(1928,1,42,1,'42'),(1929,1,42,2,'78.1'),(1930,1,42,3,'90'),(1931,1,42,4,'27'),(1932,1,42,5,'2'),(1933,1,42,6,'7'),(1934,1,42,7,'1'),(1935,1,42,8,'2'),(1936,1,42,9,'0'),(1937,1,42,10,'1'),(1938,1,42,11,'8'),(1939,1,42,12,'0'),(1940,1,42,13,'0'),(1941,1,42,14,'0'),(1942,1,42,15,'1'),(1943,1,42,16,'0'),(1944,1,42,17,'0'),(1945,1,42,18,'28'),(1946,1,42,19,'66'),(1947,1,42,20,'0'),(1948,1,42,21,'0'),(1949,1,42,22,'0'),(1950,1,42,23,'4'),(1951,1,42,24,'0'),(1952,1,42,25,'0'),(1953,1,42,26,'0'),(1954,1,42,27,'472'),(1955,1,42,28,'0'),(1956,1,42,29,'3'),(1957,1,42,30,'178'),(1958,1,42,31,'0'),(1959,1,42,32,'78'),(1960,1,42,33,'0'),(1961,1,42,34,'3'),(1962,1,42,35,'0'),(1963,1,42,36,'34'),(1964,1,42,37,'11'),(1965,1,42,38,'35'),(1966,1,42,39,'0'),(1967,1,42,40,'0'),(1968,1,42,41,'0'),(1969,1,42,42,'0'),(1970,1,42,43,'0'),(1971,1,42,44,'0'),(1972,1,42,45,'0'),(1973,1,42,46,'0'),(1974,1,42,47,'2'),(1975,1,43,1,'43'),(1976,1,43,2,'82.2'),(1977,1,43,3,'94'),(1978,1,43,4,'14'),(1979,1,43,5,'4'),(1980,1,43,6,'7'),(1981,1,43,7,'1'),(1982,1,43,8,'4'),(1983,1,43,9,'0'),(1984,1,43,10,'0'),(1985,1,43,11,'8'),(1986,1,43,12,'0'),(1987,1,43,13,'0'),(1988,1,43,14,'0'),(1989,1,43,15,'0'),(1990,1,43,16,'0'),(1991,1,43,17,'0'),(1992,1,43,18,'24'),(1993,1,43,19,'23'),(1994,1,43,20,'0'),(1995,1,43,21,'0'),(1996,1,43,22,'1'),(1997,1,43,23,'13'),(1998,1,43,24,'6'),(1999,1,43,25,'0'),(2000,1,43,26,'0'),(2001,1,43,27,'573'),(2002,1,43,28,'0'),(2003,1,43,29,'1'),(2004,1,43,30,'137'),(2005,1,43,31,'0'),(2006,1,43,32,'141'),(2007,1,43,33,'1'),(2008,1,43,34,'0'),(2009,1,43,35,'0'),(2010,1,43,36,'40'),(2011,1,43,37,'12'),(2012,1,43,38,'4'),(2013,1,43,39,'0'),(2014,1,43,40,'0'),(2015,1,43,41,'0'),(2016,1,43,42,'0'),(2017,1,43,43,'2'),(2018,1,43,44,'0'),(2019,1,43,45,'0'),(2020,1,43,46,'0'),(2021,1,43,47,'6'),(2022,1,44,1,'44'),(2023,1,44,2,'113.8'),(2024,1,44,3,'125'),(2025,1,44,4,'52'),(2026,1,44,5,'2'),(2027,1,44,6,'4'),(2028,1,44,7,'1'),(2029,1,44,8,'3'),(2030,1,44,9,'0'),(2031,1,44,10,'0'),(2032,1,44,11,'10'),(2033,1,44,12,'0'),(2034,1,44,13,'0'),(2035,1,44,14,'0'),(2036,1,44,15,'1'),(2037,1,44,16,'1'),(2038,1,44,17,'0'),(2039,1,44,18,'28'),(2040,1,44,19,'153'),(2041,1,44,20,'0'),(2042,1,44,21,'0'),(2043,1,44,22,'0'),(2044,1,44,23,'6'),(2045,1,44,24,'0'),(2046,1,44,25,'0'),(2047,1,44,26,'0'),(2048,1,44,27,'210'),(2049,1,44,28,'1'),(2050,1,44,29,'0'),(2051,1,44,30,'266'),(2052,1,44,31,'0'),(2053,1,44,32,'19'),(2054,1,44,33,'0'),(2055,1,44,34,'7'),(2056,1,44,35,'0'),(2057,1,44,36,'38'),(2058,1,44,37,'7'),(2059,1,44,38,'2'),(2060,1,44,39,'0'),(2061,1,44,40,'0'),(2062,1,44,41,'0'),(2063,1,44,42,'3'),(2064,1,44,43,'0'),(2065,1,44,44,'0'),(2066,1,44,45,'0'),(2067,1,44,46,'0'),(2068,1,44,47,'0');
/*!40000 ALTER TABLE `csv_data` ENABLE KEYS */;
UNLOCK TABLES;

--
-- Table structure for table `csv_files`
--

DROP TABLE IF EXISTS `csv_files`;
/*!40101 SET @saved_cs_client     = @@character_set_client */;
/*!40101 SET character_set_client = utf8 */;
CREATE TABLE `csv_files` (
  `id` int(11) NOT NULL AUTO_INCREMENT,
  `user_id` int(11) DEFAULT NULL,
  `file_name` varchar(255) NOT NULL,
  `upload_date` timestamp NOT NULL DEFAULT current_timestamp(),
  `row_count` int(11) DEFAULT NULL,
  PRIMARY KEY (`id`),
  KEY `user_id` (`user_id`),
  CONSTRAINT `csv_files_ibfk_1` FOREIGN KEY (`user_id`) REFERENCES `auth_user` (`id`)
) ENGINE=InnoDB AUTO_INCREMENT=2 DEFAULT CHARSET=utf8mb4 COLLATE=utf8mb4_general_ci;
/*!40101 SET character_set_client = @saved_cs_client */;

--
-- Dumping data for table `csv_files`
--

LOCK TABLES `csv_files` WRITE;
/*!40000 ALTER TABLE `csv_files` DISABLE KEYS */;
INSERT INTO `csv_files` VALUES (1,1,'pollen_counts.csv','2024-10-06 19:20:59',44);
/*!40000 ALTER TABLE `csv_files` ENABLE KEYS */;
UNLOCK TABLES;

--
-- Table structure for table `django_admin_log`
--

DROP TABLE IF EXISTS `django_admin_log`;
/*!40101 SET @saved_cs_client     = @@character_set_client */;
/*!40101 SET character_set_client = utf8 */;
CREATE TABLE `django_admin_log` (
  `id` int(11) NOT NULL AUTO_INCREMENT,
  `action_time` datetime(6) NOT NULL,
  `object_id` longtext DEFAULT NULL,
  `object_repr` varchar(200) NOT NULL,
  `action_flag` smallint(5) unsigned NOT NULL CHECK (`action_flag` >= 0),
  `change_message` longtext NOT NULL,
  `content_type_id` int(11) DEFAULT NULL,
  `user_id` int(11) NOT NULL,
  PRIMARY KEY (`id`),
  KEY `django_admin_log_content_type_id_c4bce8eb_fk_django_co` (`content_type_id`),
  KEY `django_admin_log_user_id_c564eba6_fk_auth_user_id` (`user_id`),
  CONSTRAINT `django_admin_log_content_type_id_c4bce8eb_fk_django_co` FOREIGN KEY (`content_type_id`) REFERENCES `django_content_type` (`id`),
  CONSTRAINT `django_admin_log_user_id_c564eba6_fk_auth_user_id` FOREIGN KEY (`user_id`) REFERENCES `auth_user` (`id`)
) ENGINE=InnoDB DEFAULT CHARSET=utf8mb4 COLLATE=utf8mb4_general_ci;
/*!40101 SET character_set_client = @saved_cs_client */;

--
-- Dumping data for table `django_admin_log`
--

LOCK TABLES `django_admin_log` WRITE;
/*!40000 ALTER TABLE `django_admin_log` DISABLE KEYS */;
/*!40000 ALTER TABLE `django_admin_log` ENABLE KEYS */;
UNLOCK TABLES;

--
-- Table structure for table `django_content_type`
--

DROP TABLE IF EXISTS `django_content_type`;
/*!40101 SET @saved_cs_client     = @@character_set_client */;
/*!40101 SET character_set_client = utf8 */;
CREATE TABLE `django_content_type` (
  `id` int(11) NOT NULL AUTO_INCREMENT,
  `app_label` varchar(100) NOT NULL,
  `model` varchar(100) NOT NULL,
  PRIMARY KEY (`id`),
  UNIQUE KEY `django_content_type_app_label_model_76bd3d3b_uniq` (`app_label`,`model`)
) ENGINE=InnoDB AUTO_INCREMENT=7 DEFAULT CHARSET=utf8mb4 COLLATE=utf8mb4_general_ci;
/*!40101 SET character_set_client = @saved_cs_client */;

--
-- Dumping data for table `django_content_type`
--

LOCK TABLES `django_content_type` WRITE;
/*!40000 ALTER TABLE `django_content_type` DISABLE KEYS */;
INSERT INTO `django_content_type` VALUES (1,'admin','logentry'),(3,'auth','group'),(2,'auth','permission'),(4,'auth','user'),(5,'contenttypes','contenttype'),(6,'sessions','session');
/*!40000 ALTER TABLE `django_content_type` ENABLE KEYS */;
UNLOCK TABLES;

--
-- Table structure for table `django_migrations`
--

DROP TABLE IF EXISTS `django_migrations`;
/*!40101 SET @saved_cs_client     = @@character_set_client */;
/*!40101 SET character_set_client = utf8 */;
CREATE TABLE `django_migrations` (
  `id` bigint(20) NOT NULL AUTO_INCREMENT,
  `app` varchar(255) NOT NULL,
  `name` varchar(255) NOT NULL,
  `applied` datetime(6) NOT NULL,
  PRIMARY KEY (`id`)
) ENGINE=InnoDB AUTO_INCREMENT=19 DEFAULT CHARSET=utf8mb4 COLLATE=utf8mb4_general_ci;
/*!40101 SET character_set_client = @saved_cs_client */;

--
-- Dumping data for table `django_migrations`
--

LOCK TABLES `django_migrations` WRITE;
/*!40000 ALTER TABLE `django_migrations` DISABLE KEYS */;
INSERT INTO `django_migrations` VALUES (1,'contenttypes','0001_initial','2024-09-21 03:07:16.400396'),(2,'auth','0001_initial','2024-09-21 03:07:16.489716'),(3,'admin','0001_initial','2024-09-21 03:07:16.522127'),(4,'admin','0002_logentry_remove_auto_add','2024-09-21 03:07:16.528686'),(5,'admin','0003_logentry_add_action_flag_choices','2024-09-21 03:07:16.535071'),(6,'contenttypes','0002_remove_content_type_name','2024-09-21 03:07:16.562704'),(7,'auth','0002_alter_permission_name_max_length','2024-09-21 03:07:16.581967'),(8,'auth','0003_alter_user_email_max_length','2024-09-21 03:07:16.594871'),(9,'auth','0004_alter_user_username_opts','2024-09-21 03:07:16.602273'),(10,'auth','0005_alter_user_last_login_null','2024-09-21 03:07:16.615482'),(11,'auth','0006_require_contenttypes_0002','2024-09-21 03:07:16.616086'),(12,'auth','0007_alter_validators_add_error_messages','2024-09-21 03:07:16.619240'),(13,'auth','0008_alter_user_username_max_length','2024-09-21 03:07:16.629168'),(14,'auth','0009_alter_user_last_name_max_length','2024-09-21 03:07:16.635234'),(15,'auth','0010_alter_group_name_max_length','2024-09-21 03:07:16.646476'),(16,'auth','0011_update_proxy_permissions','2024-09-21 03:07:16.652803'),(17,'auth','0012_alter_user_first_name_max_length','2024-09-21 03:07:16.664453'),(18,'sessions','0001_initial','2024-09-21 03:07:16.679574');
/*!40000 ALTER TABLE `django_migrations` ENABLE KEYS */;
UNLOCK TABLES;

--
-- Table structure for table `django_session`
--

DROP TABLE IF EXISTS `django_session`;
/*!40101 SET @saved_cs_client     = @@character_set_client */;
/*!40101 SET character_set_client = utf8 */;
CREATE TABLE `django_session` (
  `session_key` varchar(40) NOT NULL,
  `session_data` longtext NOT NULL,
  `expire_date` datetime(6) NOT NULL,
  PRIMARY KEY (`session_key`),
  KEY `django_session_expire_date_a5c62663` (`expire_date`)
) ENGINE=InnoDB DEFAULT CHARSET=utf8mb4 COLLATE=utf8mb4_general_ci;
/*!40101 SET character_set_client = @saved_cs_client */;

--
-- Dumping data for table `django_session`
--

LOCK TABLES `django_session` WRITE;
/*!40000 ALTER TABLE `django_session` DISABLE KEYS */;
INSERT INTO `django_session` VALUES ('60onkc620q94ymdthdzmx18lbq8fgtaj','.eJxVjMsOgjAUBf-la9PQ0gutS_d8Q3MfrUUNJBRWxn8XEha6PTNz3iritpa41bTEUdRVGXX53Qj5maYDyAOn-6x5ntZlJH0o-qRVD7Ok1-10_w4K1rLX2fRgGUPG3jryfTBeugbEUmLvBE1iR9A4ATZIYAKFrm2Acm79rrH6fAHqzDgr:1srqY9:aFTTY-_SivmCxm-JBDS5YL5EuVA7o1_hNNjfq3DVyJ8','2024-10-05 03:12:45.604073');
/*!40000 ALTER TABLE `django_session` ENABLE KEYS */;
UNLOCK TABLES;

--
-- Table structure for table `graph_images`
--

DROP TABLE IF EXISTS `graph_images`;
/*!40101 SET @saved_cs_client     = @@character_set_client */;
/*!40101 SET character_set_client = utf8 */;
CREATE TABLE `graph_images` (
  `image_id` int(11) NOT NULL,
  `user_id` int(11) DEFAULT NULL,
  `image_data` blob DEFAULT NULL,
  `metadata` longtext DEFAULT NULL,
  PRIMARY KEY (`image_id`),
  KEY `user_id` (`user_id`),
  CONSTRAINT `graph_images_ibfk_1` FOREIGN KEY (`user_id`) REFERENCES `auth_user` (`id`)
) ENGINE=InnoDB DEFAULT CHARSET=utf8mb4 COLLATE=utf8mb4_general_ci;
/*!40101 SET character_set_client = @saved_cs_client */;

--
-- Dumping data for table `graph_images`
--

LOCK TABLES `graph_images` WRITE;
/*!40000 ALTER TABLE `graph_images` DISABLE KEYS */;
/*!40000 ALTER TABLE `graph_images` ENABLE KEYS */;
UNLOCK TABLES;

--
-- Table structure for table `visualization_preferences`
--

DROP TABLE IF EXISTS `visualization_preferences`;
/*!40101 SET @saved_cs_client     = @@character_set_client */;
/*!40101 SET character_set_client = utf8 */;
CREATE TABLE `visualization_preferences` (
  `id` int(11) NOT NULL AUTO_INCREMENT,
  `file_id` int(11) DEFAULT NULL,
  `graph_type` varchar(50) NOT NULL,
  `color` varchar(50) DEFAULT NULL,
  `x_axis_column_id` int(11) DEFAULT NULL,
  `y_axis_column_id` int(11) DEFAULT NULL,
  `title` varchar(50) DEFAULT NULL,
  `additional_options` longtext CHARACTER SET utf8mb4 COLLATE utf8mb4_bin DEFAULT NULL CHECK (json_valid(`additional_options`)),
  PRIMARY KEY (`id`),
  KEY `file_id` (`file_id`),
  KEY `x_axis_column_id` (`x_axis_column_id`),
  KEY `y_axis_column_id` (`y_axis_column_id`),
  CONSTRAINT `visualization_preferences_ibfk_1` FOREIGN KEY (`file_id`) REFERENCES `csv_files` (`id`),
  CONSTRAINT `visualization_preferences_ibfk_2` FOREIGN KEY (`x_axis_column_id`) REFERENCES `csv_columns` (`id`),
  CONSTRAINT `visualization_preferences_ibfk_3` FOREIGN KEY (`y_axis_column_id`) REFERENCES `csv_columns` (`id`)
) ENGINE=InnoDB AUTO_INCREMENT=2 DEFAULT CHARSET=utf8mb4 COLLATE=utf8mb4_general_ci;
/*!40101 SET character_set_client = @saved_cs_client */;

--
-- Dumping data for table `visualization_preferences`
--

LOCK TABLES `visualization_preferences` WRITE;
/*!40000 ALTER TABLE `visualization_preferences` DISABLE KEYS */;
INSERT INTO `visualization_preferences` VALUES (1,1,'bar','blue',1,2,'Example Graph','{\"Stuff\": \"Example Stuff\"}');
/*!40000 ALTER TABLE `visualization_preferences` ENABLE KEYS */;
UNLOCK TABLES;
/*!40103 SET TIME_ZONE=@OLD_TIME_ZONE */;

/*!40101 SET SQL_MODE=@OLD_SQL_MODE */;
/*!40014 SET FOREIGN_KEY_CHECKS=@OLD_FOREIGN_KEY_CHECKS */;
/*!40014 SET UNIQUE_CHECKS=@OLD_UNIQUE_CHECKS */;
/*!40101 SET CHARACTER_SET_CLIENT=@OLD_CHARACTER_SET_CLIENT */;
/*!40101 SET CHARACTER_SET_RESULTS=@OLD_CHARACTER_SET_RESULTS */;
/*!40101 SET COLLATION_CONNECTION=@OLD_COLLATION_CONNECTION */;
/*!40111 SET SQL_NOTES=@OLD_SQL_NOTES */;

-- Dump completed on 2024-10-15  9:37:54
