/*M!999999\- enable the sandbox mode */ 
-- MariaDB dump 10.19  Distrib 10.6.19-MariaDB, for debian-linux-gnu (x86_64)
--
-- Host: localhost    Database: palyoplot
-- ------------------------------------------------------
-- Server version	10.6.19-MariaDB-ubu2204

/*!40101 SET @OLD_CHARACTER_SET_CLIENT=@@CHARACTER_SET_CLIENT */;
/*!40101 SET @OLD_CHARACTER_SET_RESULTS=@@CHARACTER_SET_RESULTS */;
/*!40101 SET @OLD_COLLATION_CONNECTION=@@COLLATION_CONNECTION */;
/*!40101 SET NAMES utf8mb4 */;
/*!40103 SET @OLD_TIME_ZONE=@@TIME_ZONE */;
/*!40103 SET TIME_ZONE='+00:00' */;
/*!40014 SET @OLD_UNIQUE_CHECKS=@@UNIQUE_CHECKS, UNIQUE_CHECKS=0 */;
/*!40014 SET @OLD_FOREIGN_KEY_CHECKS=@@FOREIGN_KEY_CHECKS, FOREIGN_KEY_CHECKS=0 */;
/*!40101 SET @OLD_SQL_MODE=@@SQL_MODE, SQL_MODE='NO_AUTO_VALUE_ON_ZERO' */;
/*!40111 SET @OLD_SQL_NOTES=@@SQL_NOTES, SQL_NOTES=0 */;

--
-- Table structure for table `auth_group`
--

DROP TABLE IF EXISTS `auth_group`;
/*!40101 SET @saved_cs_client     = @@character_set_client */;
/*!40101 SET character_set_client = utf8 */;
CREATE TABLE `auth_group` (
  `id` int(11) NOT NULL AUTO_INCREMENT,
  `name` varchar(150) NOT NULL,
  PRIMARY KEY (`id`),
  UNIQUE KEY `name` (`name`)
) ENGINE=InnoDB DEFAULT CHARSET=utf8mb4 COLLATE=utf8mb4_general_ci;
/*!40101 SET character_set_client = @saved_cs_client */;

--
-- Dumping data for table `auth_group`
--

LOCK TABLES `auth_group` WRITE;
/*!40000 ALTER TABLE `auth_group` DISABLE KEYS */;
/*!40000 ALTER TABLE `auth_group` ENABLE KEYS */;
UNLOCK TABLES;

--
-- Table structure for table `auth_group_permissions`
--

DROP TABLE IF EXISTS `auth_group_permissions`;
/*!40101 SET @saved_cs_client     = @@character_set_client */;
/*!40101 SET character_set_client = utf8 */;
CREATE TABLE `auth_group_permissions` (
  `id` bigint(20) NOT NULL AUTO_INCREMENT,
  `group_id` int(11) NOT NULL,
  `permission_id` int(11) NOT NULL,
  PRIMARY KEY (`id`),
  UNIQUE KEY `auth_group_permissions_group_id_permission_id_0cd325b0_uniq` (`group_id`,`permission_id`),
  KEY `auth_group_permissio_permission_id_84c5c92e_fk_auth_perm` (`permission_id`),
  CONSTRAINT `auth_group_permissio_permission_id_84c5c92e_fk_auth_perm` FOREIGN KEY (`permission_id`) REFERENCES `auth_permission` (`id`),
  CONSTRAINT `auth_group_permissions_group_id_b120cbf9_fk_auth_group_id` FOREIGN KEY (`group_id`) REFERENCES `auth_group` (`id`)
) ENGINE=InnoDB DEFAULT CHARSET=utf8mb4 COLLATE=utf8mb4_general_ci;
/*!40101 SET character_set_client = @saved_cs_client */;

--
-- Dumping data for table `auth_group_permissions`
--

LOCK TABLES `auth_group_permissions` WRITE;
/*!40000 ALTER TABLE `auth_group_permissions` DISABLE KEYS */;
/*!40000 ALTER TABLE `auth_group_permissions` ENABLE KEYS */;
UNLOCK TABLES;

--
-- Table structure for table `auth_permission`
--

DROP TABLE IF EXISTS `auth_permission`;
/*!40101 SET @saved_cs_client     = @@character_set_client */;
/*!40101 SET character_set_client = utf8 */;
CREATE TABLE `auth_permission` (
  `id` int(11) NOT NULL AUTO_INCREMENT,
  `name` varchar(255) NOT NULL,
  `content_type_id` int(11) NOT NULL,
  `codename` varchar(100) NOT NULL,
  PRIMARY KEY (`id`),
  UNIQUE KEY `auth_permission_content_type_id_codename_01ab375a_uniq` (`content_type_id`,`codename`),
  CONSTRAINT `auth_permission_content_type_id_2f476e4b_fk_django_co` FOREIGN KEY (`content_type_id`) REFERENCES `django_content_type` (`id`)
) ENGINE=InnoDB AUTO_INCREMENT=33 DEFAULT CHARSET=utf8mb4 COLLATE=utf8mb4_general_ci;
/*!40101 SET character_set_client = @saved_cs_client */;

--
-- Dumping data for table `auth_permission`
--

LOCK TABLES `auth_permission` WRITE;
/*!40000 ALTER TABLE `auth_permission` DISABLE KEYS */;
INSERT INTO `auth_permission` VALUES (1,'Can add log entry',1,'add_logentry'),(2,'Can change log entry',1,'change_logentry'),(3,'Can delete log entry',1,'delete_logentry'),(4,'Can view log entry',1,'view_logentry'),(5,'Can add permission',2,'add_permission'),(6,'Can change permission',2,'change_permission'),(7,'Can delete permission',2,'delete_permission'),(8,'Can view permission',2,'view_permission'),(9,'Can add group',3,'add_group'),(10,'Can change group',3,'change_group'),(11,'Can delete group',3,'delete_group'),(12,'Can view group',3,'view_group'),(13,'Can add user',4,'add_user'),(14,'Can change user',4,'change_user'),(15,'Can delete user',4,'delete_user'),(16,'Can view user',4,'view_user'),(17,'Can add content type',5,'add_contenttype'),(18,'Can change content type',5,'change_contenttype'),(19,'Can delete content type',5,'delete_contenttype'),(20,'Can view content type',5,'view_contenttype'),(21,'Can add session',6,'add_session'),(22,'Can change session',6,'change_session'),(23,'Can delete session',6,'delete_session'),(24,'Can view session',6,'view_session'),(25,'Can add dataset',7,'add_dataset'),(26,'Can change dataset',7,'change_dataset'),(27,'Can delete dataset',7,'delete_dataset'),(28,'Can view dataset',7,'view_dataset'),(29,'Can add csv file',8,'add_csvfile'),(30,'Can change csv file',8,'change_csvfile'),(31,'Can delete csv file',8,'delete_csvfile'),(32,'Can view csv file',8,'view_csvfile');
/*!40000 ALTER TABLE `auth_permission` ENABLE KEYS */;
UNLOCK TABLES;

--
-- Table structure for table `auth_user`
--

DROP TABLE IF EXISTS `auth_user`;
/*!40101 SET @saved_cs_client     = @@character_set_client */;
/*!40101 SET character_set_client = utf8 */;
CREATE TABLE `auth_user` (
  `id` int(11) NOT NULL AUTO_INCREMENT,
  `password` varchar(128) NOT NULL,
  `last_login` datetime(6) DEFAULT NULL,
  `is_superuser` tinyint(1) NOT NULL,
  `username` varchar(150) NOT NULL,
  `first_name` varchar(150) NOT NULL,
  `last_name` varchar(150) NOT NULL,
  `email` varchar(254) NOT NULL,
  `is_staff` tinyint(1) NOT NULL,
  `is_active` tinyint(1) NOT NULL,
  `date_joined` datetime(6) NOT NULL,
  PRIMARY KEY (`id`),
  UNIQUE KEY `username` (`username`)
) ENGINE=InnoDB AUTO_INCREMENT=3 DEFAULT CHARSET=utf8mb4 COLLATE=utf8mb4_general_ci;
/*!40101 SET character_set_client = @saved_cs_client */;

--
-- Dumping data for table `auth_user`
--

LOCK TABLES `auth_user` WRITE;
/*!40000 ALTER TABLE `auth_user` DISABLE KEYS */;
INSERT INTO `auth_user` VALUES (1,'pbkdf2_sha256$870000$HBIMHcQEtLfTXXhwJiH5Tj$twKsb+/cUmcXFYhfh/Q6HnfyYfEN0vPvluDXnwhoYn0=','2024-11-05 04:02:58.131096',1,'csc190191','','','',1,1,'2024-09-21 03:12:27.962565'),(2,'pbkdf2_sha256$720000$qYKS1NDwYNtLbrvGl5Lyk1$8pLjvPtriRbOTMPhT5A8fZkfQLJC9Titmvy6FyVrwWc=',NULL,0,'test','','','123@gmail.com',0,1,'2024-09-21 03:19:26.366036');
/*!40000 ALTER TABLE `auth_user` ENABLE KEYS */;
UNLOCK TABLES;

--
-- Table structure for table `auth_user_groups`
--

DROP TABLE IF EXISTS `auth_user_groups`;
/*!40101 SET @saved_cs_client     = @@character_set_client */;
/*!40101 SET character_set_client = utf8 */;
CREATE TABLE `auth_user_groups` (
  `id` bigint(20) NOT NULL AUTO_INCREMENT,
  `user_id` int(11) NOT NULL,
  `group_id` int(11) NOT NULL,
  PRIMARY KEY (`id`),
  UNIQUE KEY `auth_user_groups_user_id_group_id_94350c0c_uniq` (`user_id`,`group_id`),
  KEY `auth_user_groups_group_id_97559544_fk_auth_group_id` (`group_id`),
  CONSTRAINT `auth_user_groups_group_id_97559544_fk_auth_group_id` FOREIGN KEY (`group_id`) REFERENCES `auth_group` (`id`),
  CONSTRAINT `auth_user_groups_user_id_6a12ed8b_fk_auth_user_id` FOREIGN KEY (`user_id`) REFERENCES `auth_user` (`id`)
) ENGINE=InnoDB DEFAULT CHARSET=utf8mb4 COLLATE=utf8mb4_general_ci;
/*!40101 SET character_set_client = @saved_cs_client */;

--
-- Dumping data for table `auth_user_groups`
--

LOCK TABLES `auth_user_groups` WRITE;
/*!40000 ALTER TABLE `auth_user_groups` DISABLE KEYS */;
/*!40000 ALTER TABLE `auth_user_groups` ENABLE KEYS */;
UNLOCK TABLES;

--
-- Table structure for table `auth_user_user_permissions`
--

DROP TABLE IF EXISTS `auth_user_user_permissions`;
/*!40101 SET @saved_cs_client     = @@character_set_client */;
/*!40101 SET character_set_client = utf8 */;
CREATE TABLE `auth_user_user_permissions` (
  `id` bigint(20) NOT NULL AUTO_INCREMENT,
  `user_id` int(11) NOT NULL,
  `permission_id` int(11) NOT NULL,
  PRIMARY KEY (`id`),
  UNIQUE KEY `auth_user_user_permissions_user_id_permission_id_14a6b632_uniq` (`user_id`,`permission_id`),
  KEY `auth_user_user_permi_permission_id_1fbb5f2c_fk_auth_perm` (`permission_id`),
  CONSTRAINT `auth_user_user_permi_permission_id_1fbb5f2c_fk_auth_perm` FOREIGN KEY (`permission_id`) REFERENCES `auth_permission` (`id`),
  CONSTRAINT `auth_user_user_permissions_user_id_a95ead1b_fk_auth_user_id` FOREIGN KEY (`user_id`) REFERENCES `auth_user` (`id`)
) ENGINE=InnoDB DEFAULT CHARSET=utf8mb4 COLLATE=utf8mb4_general_ci;
/*!40101 SET character_set_client = @saved_cs_client */;

--
-- Dumping data for table `auth_user_user_permissions`
--

LOCK TABLES `auth_user_user_permissions` WRITE;
/*!40000 ALTER TABLE `auth_user_user_permissions` DISABLE KEYS */;
/*!40000 ALTER TABLE `auth_user_user_permissions` ENABLE KEYS */;
UNLOCK TABLES;

--
-- Table structure for table `csv_columns`
--

DROP TABLE IF EXISTS `csv_columns`;
/*!40101 SET @saved_cs_client     = @@character_set_client */;
/*!40101 SET character_set_client = utf8 */;
CREATE TABLE `csv_columns` (
  `id` int(11) NOT NULL AUTO_INCREMENT,
  `file_id` int(11) DEFAULT NULL,
  `column_name` varchar(255) NOT NULL,
  `column_order` int(11) NOT NULL,
  `data_type` varchar(50) DEFAULT NULL,
  PRIMARY KEY (`id`),
  KEY `file_id` (`file_id`),
  CONSTRAINT `csv_columns_ibfk_1` FOREIGN KEY (`file_id`) REFERENCES `csv_files` (`id`)
) ENGINE=InnoDB AUTO_INCREMENT=859 DEFAULT CHARSET=utf8mb4 COLLATE=utf8mb4_general_ci;
/*!40101 SET character_set_client = @saved_cs_client */;

--
-- Dumping data for table `csv_columns`
--

LOCK TABLES `csv_columns` WRITE;
/*!40000 ALTER TABLE `csv_columns` DISABLE KEYS */;
INSERT INTO `csv_columns` VALUES (654,23,'',1,NULL),(655,23,'age',2,NULL),(656,23,'adj_depth',3,NULL),(657,23,'core_depth',4,NULL),(658,23,'Pinus',5,NULL),(659,23,'Cupressaceae',6,NULL),(660,23,'Fraxinus',7,NULL),(661,23,'Abies',8,NULL),(662,23,'Quercus',9,NULL),(663,23,'Rosaceae',10,NULL),(664,23,'Chrysolepis',11,NULL),(665,23,'Artemisia',12,NULL),(666,23,'Salix',13,NULL),(667,23,'Amaranthaceae',14,NULL),(668,23,'Apiaceae',15,NULL),(669,23,'Asteracea',16,NULL),(670,23,'Poaceae',17,NULL),(671,23,'Indeterminate',18,NULL),(672,23,'Unknown',19,NULL),(711,26,'',1,NULL),(712,26,'adj_depth',2,NULL),(713,26,'core_depth',3,NULL),(714,26,'Abies',4,NULL),(715,26,'Alnus',5,NULL),(716,26,'Amaranthaceae',6,NULL),(717,26,'Ambrosia',7,NULL),(718,26,'Apiaceae',8,NULL),(719,26,'Arceuthobium',9,NULL),(720,26,'Artemisia',10,NULL),(721,26,'Asteracea',11,NULL),(722,26,'Betula',12,NULL),(723,26,'Brassicaceae',13,NULL),(724,26,'Caryophyllaceae',14,NULL),(725,26,'Ceanothus',15,NULL),(726,26,'Chrysolepis',16,NULL),(727,26,'Corylus',17,NULL),(728,26,'Cupressaceae',18,NULL),(729,26,'Cyperaceae',19,NULL),(730,26,'Ephedra.nevadenses',20,NULL),(731,26,'Fabaceae',21,NULL),(732,26,'Fraxinus',22,NULL),(733,26,'Indeterminate',23,NULL),(734,26,'Isoetes',24,NULL),(735,26,'Lamiaceae',25,NULL),(736,26,'Liliaceae',26,NULL),(737,26,'Lycopodium',27,NULL),(738,26,'Monolete',28,NULL),(739,26,'Pediastrum',29,NULL),(740,26,'Pinus',30,NULL),(741,26,'Plantago',31,NULL),(742,26,'Poaceae',32,NULL),(743,26,'Polemoniaceae',33,NULL),(744,26,'Polygonaceae',34,NULL),(745,26,'Pteridium',35,NULL),(746,26,'Quercus',36,NULL),(747,26,'Rosaceae',37,NULL),(748,26,'Salix',38,NULL),(749,26,'Sarcobatus',39,NULL),(750,26,'Shepherdia',40,NULL),(751,26,'Sporomiella',41,NULL),(752,26,'Stomates',42,NULL),(753,26,'Trilete',43,NULL),(754,26,'Tsuga',44,NULL),(755,26,'Typha.angustifolia',45,NULL),(756,26,'Typha.latifolia',46,NULL),(757,26,'Unknown',47,NULL),(758,27,'',1,NULL),(759,27,'adj_depth',2,NULL),(760,27,'core_depth',3,NULL),(761,27,'Abies',4,NULL),(762,27,'Alnus',5,NULL),(763,27,'Amaranthaceae',6,NULL),(764,27,'Ambrosia',7,NULL),(765,27,'Apiaceae',8,NULL),(766,27,'Arceuthobium',9,NULL),(767,27,'Artemisia',10,NULL),(768,27,'Asteracea',11,NULL),(769,27,'Betula',12,NULL),(770,27,'Brassicaceae',13,NULL),(771,27,'Caryophyllaceae',14,NULL),(772,27,'Ceanothus',15,NULL),(773,27,'Chrysolepis',16,NULL),(774,27,'Corylus',17,NULL),(775,27,'Cupressaceae',18,NULL),(776,27,'Cyperaceae',19,NULL),(777,27,'Ephedra.nevadenses',20,NULL),(778,27,'Fabaceae',21,NULL),(779,27,'Fraxinus',22,NULL),(780,27,'Indeterminate',23,NULL),(781,27,'Isoetes',24,NULL),(782,27,'Lamiaceae',25,NULL),(783,27,'Liliaceae',26,NULL),(784,27,'Lycopodium',27,NULL),(785,27,'Monolete',28,NULL),(786,27,'Pediastrum',29,NULL),(787,27,'Pinus',30,NULL),(788,27,'Plantago',31,NULL),(789,27,'Poaceae',32,NULL),(790,27,'Polemoniaceae',33,NULL),(791,27,'Polygonaceae',34,NULL),(792,27,'Pteridium',35,NULL),(793,27,'Quercus',36,NULL),(794,27,'Rosaceae',37,NULL),(795,27,'Salix',38,NULL),(796,27,'Sarcobatus',39,NULL),(797,27,'Shepherdia',40,NULL),(798,27,'Sporomiella',41,NULL),(799,27,'Stomates',42,NULL),(800,27,'Trilete',43,NULL),(801,27,'Tsuga',44,NULL),(802,27,'Typha.angustifolia',45,NULL),(803,27,'Typha.latifolia',46,NULL),(804,27,'Unknown',47,NULL),(805,28,'age',1,NULL),(806,28,'adj_depth',2,NULL),(807,28,'core_depth',3,NULL),(808,28,'Pinus',4,NULL),(809,28,'Cupressaceae',5,NULL),(810,28,'Fraxinus',6,NULL),(811,28,'Abies',7,NULL),(812,28,'Quercus',8,NULL),(813,28,'Rosaceae',9,NULL),(814,28,'Chrysolepis',10,NULL),(815,28,'Artemisia',11,NULL),(816,28,'Salix',12,NULL),(817,28,'Amaranthaceae',13,NULL),(818,28,'Apiaceae',14,NULL),(819,28,'Asteracea',15,NULL),(820,28,'Poaceae',16,NULL),(821,28,'Indeterminate',17,NULL),(822,28,'Unknown',18,NULL),(841,30,'age',1,NULL),(842,30,'adj_depth',2,NULL),(843,30,'core_depth',3,NULL),(844,30,'Pinus',4,NULL),(845,30,'Cupressaceae',5,NULL),(846,30,'Fraxinus',6,NULL),(847,30,'Abies',7,NULL),(848,30,'Quercus',8,NULL),(849,30,'Rosaceae',9,NULL),(850,30,'Chrysolepis',10,NULL),(851,30,'Artemisia',11,NULL),(852,30,'Salix',12,NULL),(853,30,'Amaranthaceae',13,NULL),(854,30,'Apiaceae',14,NULL),(855,30,'Asteracea',15,NULL),(856,30,'Poaceae',16,NULL),(857,30,'Indeterminate',17,NULL),(858,30,'Unknown',18,NULL);
/*!40000 ALTER TABLE `csv_columns` ENABLE KEYS */;
UNLOCK TABLES;

--
-- Table structure for table `csv_data`
--

DROP TABLE IF EXISTS `csv_data`;
/*!40101 SET @saved_cs_client     = @@character_set_client */;
/*!40101 SET character_set_client = utf8 */;
CREATE TABLE `csv_data` (
  `id` int(11) NOT NULL AUTO_INCREMENT,
  `file_id` int(11) DEFAULT NULL,
  `row_number` int(11) NOT NULL,
  `column_id` int(11) DEFAULT NULL,
  `value` text DEFAULT NULL,
  PRIMARY KEY (`id`),
  KEY `file_id` (`file_id`),
  KEY `column_id` (`column_id`),
  CONSTRAINT `csv_data_ibfk_1` FOREIGN KEY (`file_id`) REFERENCES `csv_files` (`id`),
  CONSTRAINT `csv_data_ibfk_2` FOREIGN KEY (`column_id`) REFERENCES `csv_columns` (`id`)
) ENGINE=InnoDB AUTO_INCREMENT=37671 DEFAULT CHARSET=utf8mb4 COLLATE=utf8mb4_general_ci;
/*!40101 SET character_set_client = @saved_cs_client */;

--
-- Dumping data for table `csv_data`
--

LOCK TABLES `csv_data` WRITE;
/*!40000 ALTER TABLE `csv_data` DISABLE KEYS */;
INSERT INTO `csv_data` VALUES (28651,23,1,654,'1'),(28652,23,1,655,'-61'),(28653,23,1,656,'0'),(28654,23,1,657,'2'),(28655,23,1,658,'25.3012'),(28656,23,1,659,'6.506'),(28657,23,1,660,'1.2048'),(28658,23,1,661,'27.4699'),(28659,23,1,662,'22.4096'),(28660,23,1,663,'2.1687'),(28661,23,1,664,'0.241'),(28662,23,1,665,'0.241'),(28663,23,1,666,'0.4819'),(28664,23,1,667,'0.7229'),(28665,23,1,668,'0'),(28666,23,1,669,'1.4458'),(28667,23,1,670,'5.5422'),(28668,23,1,671,'4.5783'),(28669,23,1,672,'0.9639'),(28670,23,2,654,'2'),(28671,23,2,655,'-40'),(28672,23,2,656,'1'),(28673,23,2,657,'3'),(28674,23,2,658,'32.9177'),(28675,23,2,659,'7.4813'),(28676,23,2,660,'0.2494'),(28677,23,2,661,'18.2045'),(28678,23,2,662,'22.4439'),(28679,23,2,663,'1.2469'),(28680,23,2,664,'0.4988'),(28681,23,2,665,'0.2494'),(28682,23,2,666,'0.2494'),(28683,23,2,667,'0.4988'),(28684,23,2,668,'0.2494'),(28685,23,2,669,'0.4988'),(28686,23,2,670,'9.9751'),(28687,23,2,671,'2.9925'),(28688,23,2,672,'0.9975'),(28689,23,3,654,'3'),(28690,23,3,655,'1'),(28691,23,3,656,'3'),(28692,23,3,657,'5'),(28693,23,3,658,'29.7297'),(28694,23,3,659,'6.1425'),(28695,23,3,660,'0.9828'),(28696,23,3,661,'25.0614'),(28697,23,3,662,'16.7076'),(28698,23,3,663,'2.2113'),(28699,23,3,664,'0.7371'),(28700,23,3,665,'0.4914'),(28701,23,3,666,'0.9828'),(28702,23,3,667,'0.4914'),(28703,23,3,668,'0.4914'),(28704,23,3,669,'0.4914'),(28705,23,3,670,'9.0909'),(28706,23,3,671,'3.4398'),(28707,23,3,672,'0.4914'),(28708,23,4,654,'4'),(28709,23,4,655,'22'),(28710,23,4,656,'4'),(28711,23,4,657,'6'),(28712,23,4,658,'30.7692'),(28713,23,4,659,'14.1439'),(28714,23,4,660,'0.7444'),(28715,23,4,661,'17.3697'),(28716,23,4,662,'15.8809'),(28717,23,4,663,'1.2407'),(28718,23,4,664,'0.2481'),(28719,23,4,665,'0'),(28720,23,4,666,'0.9926'),(28721,23,4,667,'0'),(28722,23,4,668,'0.4963'),(28723,23,4,669,'0.7444'),(28724,23,4,670,'9.4293'),(28725,23,4,671,'6.9479'),(28726,23,4,672,'0'),(28727,23,5,654,'5'),(28728,23,5,655,'43'),(28729,23,5,656,'5'),(28730,23,5,657,'7'),(28731,23,5,658,'31.9712'),(28732,23,5,659,'9.1346'),(28733,23,5,660,'0.4808'),(28734,23,5,661,'18.2692'),(28735,23,5,662,'18.5096'),(28736,23,5,663,'1.4423'),(28737,23,5,664,'0.7212'),(28738,23,5,665,'0.2404'),(28739,23,5,666,'0.9615'),(28740,23,5,667,'0.4808'),(28741,23,5,668,'0.2404'),(28742,23,5,669,'0.4808'),(28743,23,5,670,'10.5769'),(28744,23,5,671,'3.6058'),(28745,23,5,672,'0.4808'),(28746,23,6,654,'6'),(28747,23,6,655,'66'),(28748,23,6,656,'6'),(28749,23,6,657,'8'),(28750,23,6,658,'32.4937'),(28751,23,6,659,'10.3275'),(28752,23,6,660,'0.7557'),(28753,23,6,661,'14.6096'),(28754,23,6,662,'11.0831'),(28755,23,6,663,'1.5113'),(28756,23,6,664,'0.5038'),(28757,23,6,665,'0.2519'),(28758,23,6,666,'1.2594'),(28759,23,6,667,'0'),(28760,23,6,668,'0.7557'),(28761,23,6,669,'0.7557'),(28762,23,6,670,'13.3501'),(28763,23,6,671,'9.068'),(28764,23,6,672,'1.7632'),(28765,23,7,654,'7'),(28766,23,7,655,'113'),(28767,23,7,656,'8'),(28768,23,7,657,'10'),(28769,23,7,658,'48.6081'),(28770,23,7,659,'6.424'),(28771,23,7,660,'0.6424'),(28772,23,7,661,'10.0642'),(28773,23,7,662,'13.4904'),(28774,23,7,663,'1.9272'),(28775,23,7,664,'0.4283'),(28776,23,7,665,'0'),(28777,23,7,666,'0.8565'),(28778,23,7,667,'0.4283'),(28779,23,7,668,'0.4283'),(28780,23,7,669,'0.6424'),(28781,23,7,670,'7.0664'),(28782,23,7,671,'6.8522'),(28783,23,7,672,'0.2141'),(28784,23,8,654,'8'),(28785,23,8,655,'160'),(28786,23,8,656,'10'),(28787,23,8,657,'12'),(28788,23,8,658,'40.5'),(28789,23,8,659,'13'),(28790,23,8,660,'0.25'),(28791,23,8,661,'16'),(28792,23,8,662,'9'),(28793,23,8,663,'4.75'),(28794,23,8,664,'0.25'),(28795,23,8,665,'0.25'),(28796,23,8,666,'0.25'),(28797,23,8,667,'0.5'),(28798,23,8,668,'0.5'),(28799,23,8,669,'1'),(28800,23,8,670,'5.75'),(28801,23,8,671,'5.5'),(28802,23,8,672,'0'),(28803,23,9,654,'9'),(28804,23,9,655,'220'),(28805,23,9,656,'12'),(28806,23,9,657,'14'),(28807,23,9,658,'39.5522'),(28808,23,9,659,'13.6816'),(28809,23,9,660,'0.995'),(28810,23,9,661,'10.4478'),(28811,23,9,662,'11.194'),(28812,23,9,663,'5.2239'),(28813,23,9,664,'0'),(28814,23,9,665,'0.2488'),(28815,23,9,666,'0'),(28816,23,9,667,'0.995'),(28817,23,9,668,'0.4975'),(28818,23,9,669,'0.995'),(28819,23,9,670,'4.4776'),(28820,23,9,671,'6.4677'),(28821,23,9,672,'1.99'),(28822,23,10,654,'10'),(28823,23,10,655,'278'),(28824,23,10,656,'14'),(28825,23,10,657,'16'),(28826,23,10,658,'44.8529'),(28827,23,10,659,'14.7059'),(28828,23,10,660,'0.7353'),(28829,23,10,661,'9.8039'),(28830,23,10,662,'8.5784'),(28831,23,10,663,'4.1667'),(28832,23,10,664,'0.2451'),(28833,23,10,665,'0.4902'),(28834,23,10,666,'0.9804'),(28835,23,10,667,'0.2451'),(28836,23,10,668,'1.2255'),(28837,23,10,669,'0.4902'),(28838,23,10,670,'7.1078'),(28839,23,10,671,'3.6765'),(28840,23,10,672,'0.4902'),(28841,23,11,654,'11'),(28842,23,11,655,'340'),(28843,23,11,656,'16'),(28844,23,11,657,'18'),(28845,23,11,658,'45.6221'),(28846,23,11,659,'10.8295'),(28847,23,11,660,'0.9217'),(28848,23,11,661,'9.6774'),(28849,23,11,662,'13.3641'),(28850,23,11,663,'2.9954'),(28851,23,11,664,'0.9217'),(28852,23,11,665,'0.6912'),(28853,23,11,666,'0.4608'),(28854,23,11,667,'1.1521'),(28855,23,11,668,'0.2304'),(28856,23,11,669,'0.9217'),(28857,23,11,670,'5.7604'),(28858,23,11,671,'4.3779'),(28859,23,11,672,'0.6912'),(28860,23,12,654,'12'),(28861,23,12,655,'372'),(28862,23,12,656,'17'),(28863,23,12,657,'19'),(28864,23,12,658,'48.9157'),(28865,23,12,659,'9.3976'),(28866,23,12,660,'1.2048'),(28867,23,12,661,'10.6024'),(28868,23,12,662,'11.3253'),(28869,23,12,663,'2.6506'),(28870,23,12,664,'0.241'),(28871,23,12,665,'0'),(28872,23,12,666,'1.2048'),(28873,23,12,667,'0.241'),(28874,23,12,668,'0'),(28875,23,12,669,'0.241'),(28876,23,12,670,'7.4699'),(28877,23,12,671,'5.0602'),(28878,23,12,672,'0.4819'),(28879,23,13,654,'13'),(28880,23,13,655,'403'),(28881,23,13,656,'18'),(28882,23,13,657,'20'),(28883,23,13,658,'47.2772'),(28884,23,13,659,'10.8911'),(28885,23,13,660,'0.495'),(28886,23,13,661,'11.1386'),(28887,23,13,662,'9.4059'),(28888,23,13,663,'2.7228'),(28889,23,13,664,'0.495'),(28890,23,13,665,'0'),(28891,23,13,666,'0.7426'),(28892,23,13,667,'0.495'),(28893,23,13,668,'0.7426'),(28894,23,13,669,'1.9802'),(28895,23,13,670,'3.4653'),(28896,23,13,671,'3.7129'),(28897,23,13,672,'3.2178'),(28898,23,14,654,'14'),(28899,23,14,655,'466'),(28900,23,14,656,'20'),(28901,23,14,657,'22'),(28902,23,14,658,'41.0628'),(28903,23,14,659,'14.2512'),(28904,23,14,660,'0.2415'),(28905,23,14,661,'11.3527'),(28906,23,14,662,'10.3865'),(28907,23,14,663,'2.4155'),(28908,23,14,664,'1.2077'),(28909,23,14,665,'0'),(28910,23,14,666,'0.9662'),(28911,23,14,667,'1.2077'),(28912,23,14,668,'0.9662'),(28913,23,14,669,'1.6908'),(28914,23,14,670,'7.2464'),(28915,23,14,671,'3.6232'),(28916,23,14,672,'0.9662'),(28917,23,15,654,'15'),(28918,23,15,655,'501'),(28919,23,15,656,'21'),(28920,23,15,657,'23'),(28921,23,15,658,'48.5915'),(28922,23,15,659,'6.338'),(28923,23,15,660,'0.4695'),(28924,23,15,661,'14.7887'),(28925,23,15,662,'12.6761'),(28926,23,15,663,'0.2347'),(28927,23,15,664,'0.2347'),(28928,23,15,665,'0.7042'),(28929,23,15,666,'1.8779'),(28930,23,15,667,'1.1737'),(28931,23,15,668,'0.4695'),(28932,23,15,669,'1.1737'),(28933,23,15,670,'5.8685'),(28934,23,15,671,'3.2864'),(28935,23,15,672,'0'),(28936,23,16,654,'16'),(28937,23,16,655,'538'),(28938,23,16,656,'22'),(28939,23,16,657,'24'),(28940,23,16,658,'47.7723'),(28941,23,16,659,'9.6535'),(28942,23,16,660,'0.495'),(28943,23,16,661,'12.3762'),(28944,23,16,662,'9.4059'),(28945,23,16,663,'2.9703'),(28946,23,16,664,'0.2475'),(28947,23,16,665,'0'),(28948,23,16,666,'0.2475'),(28949,23,16,667,'1.9802'),(28950,23,16,668,'0.495'),(28951,23,16,669,'0.9901'),(28952,23,16,670,'6.1881'),(28953,23,16,671,'3.2178'),(28954,23,16,672,'1.7327'),(28955,23,17,654,'17'),(28956,23,17,655,'574'),(28957,23,17,656,'23'),(28958,23,17,657,'25'),(28959,23,17,658,'49.3671'),(28960,23,17,659,'8.6076'),(28961,23,17,660,'0.2532'),(28962,23,17,661,'13.4177'),(28963,23,17,662,'6.8354'),(28964,23,17,663,'2.0253'),(28965,23,17,664,'0.7595'),(28966,23,17,665,'0.5063'),(28967,23,17,666,'1.0127'),(28968,23,17,667,'0.7595'),(28969,23,17,668,'1.0127'),(28970,23,17,669,'1.519'),(28971,23,17,670,'9.6203'),(28972,23,17,671,'2.7848'),(28973,23,17,672,'0'),(28974,23,18,654,'18'),(28975,23,18,655,'611'),(28976,23,18,656,'24'),(28977,23,18,657,'26'),(28978,23,18,658,'49.0521'),(28979,23,18,659,'9.4787'),(28980,23,18,660,'0.237'),(28981,23,18,661,'12.0853'),(28982,23,18,662,'12.5592'),(28983,23,18,663,'3.5545'),(28984,23,18,664,'0'),(28985,23,18,665,'0.237'),(28986,23,18,666,'0.7109'),(28987,23,18,667,'1.4218'),(28988,23,18,668,'1.1848'),(28989,23,18,669,'1.6588'),(28990,23,18,670,'3.3175'),(28991,23,18,671,'1.8957'),(28992,23,18,672,'0'),(28993,23,19,654,'19'),(28994,23,19,655,'647'),(28995,23,19,656,'25'),(28996,23,19,657,'27'),(28997,23,19,658,'49.3671'),(28998,23,19,659,'8.6076'),(28999,23,19,660,'0.2532'),(29000,23,19,661,'13.4177'),(29001,23,19,662,'6.8354'),(29002,23,19,663,'2.0253'),(29003,23,19,664,'0.7595'),(29004,23,19,665,'0.5063'),(29005,23,19,666,'1.0127'),(29006,23,19,667,'0.7595'),(29007,23,19,668,'1.0127'),(29008,23,19,669,'1.519'),(29009,23,19,670,'9.6203'),(29010,23,19,671,'2.7848'),(29011,23,19,672,'0'),(29012,23,20,654,'20'),(29013,23,20,655,'680'),(29014,23,20,656,'26'),(29015,23,20,657,'28'),(29016,23,20,658,'53.7713'),(29017,23,20,659,'6.326'),(29018,23,20,660,'0'),(29019,23,20,661,'12.1655'),(29020,23,20,662,'8.0292'),(29021,23,20,663,'2.6764'),(29022,23,20,664,'0.9732'),(29023,23,20,665,'0'),(29024,23,20,666,'0.2433'),(29025,23,20,667,'0.9732'),(29026,23,20,668,'1.2165'),(29027,23,20,669,'2.1898'),(29028,23,20,670,'4.3796'),(29029,23,20,671,'6.0827'),(29030,23,20,672,'0.2433'),(29031,23,21,654,'21'),(29032,23,21,655,'746'),(29033,23,21,656,'28'),(29034,23,21,657,'30'),(29035,23,21,658,'48.184'),(29036,23,21,659,'10.4116'),(29037,23,21,660,'0'),(29038,23,21,661,'14.2857'),(29039,23,21,662,'7.9903'),(29040,23,21,663,'2.4213'),(29041,23,21,664,'0.7264'),(29042,23,21,665,'0'),(29043,23,21,666,'0.2421'),(29044,23,21,667,'0.9685'),(29045,23,21,668,'0.7264'),(29046,23,21,669,'1.937'),(29047,23,21,670,'5.8111'),(29048,23,21,671,'2.1792'),(29049,23,21,672,'2.6634'),(29050,23,22,654,'22'),(29051,23,22,655,'812'),(29052,23,22,656,'30'),(29053,23,22,657,'32'),(29054,23,22,658,'42.2803'),(29055,23,22,659,'10.9264'),(29056,23,22,660,'0.2375'),(29057,23,22,661,'11.639'),(29058,23,22,662,'8.7886'),(29059,23,22,663,'2.6128'),(29060,23,22,664,'0.2375'),(29061,23,22,665,'0.7126'),(29062,23,22,666,'0.4751'),(29063,23,22,667,'1.1876'),(29064,23,22,668,'0.7126'),(29065,23,22,669,'2.6128'),(29066,23,22,670,'10.4513'),(29067,23,22,671,'3.3254'),(29068,23,22,672,'1.1876'),(29069,23,23,654,'23'),(29070,23,23,655,'893'),(29071,23,23,656,'32'),(29072,23,23,657,'34'),(29073,23,23,658,'43.75'),(29074,23,23,659,'11.0577'),(29075,23,23,660,'0'),(29076,23,23,661,'12.5'),(29077,23,23,662,'6.7308'),(29078,23,23,663,'2.1635'),(29079,23,23,664,'0.2404'),(29080,23,23,665,'0.2404'),(29081,23,23,666,'0'),(29082,23,23,667,'0.9615'),(29083,23,23,668,'0.7212'),(29084,23,23,669,'1.6827'),(29085,23,23,670,'13.2212'),(29086,23,23,671,'3.6058'),(29087,23,23,672,'1.9231'),(29088,23,24,654,'24'),(29089,23,24,655,'975'),(29090,23,24,656,'34'),(29091,23,24,657,'36'),(29092,23,24,658,'47.0024'),(29093,23,24,659,'7.6739'),(29094,23,24,660,'0.2398'),(29095,23,24,661,'10.0719'),(29096,23,24,662,'9.8321'),(29097,23,24,663,'1.9185'),(29098,23,24,664,'0.2398'),(29099,23,24,665,'0.4796'),(29100,23,24,666,'0.4796'),(29101,23,24,667,'0.2398'),(29102,23,24,668,'0.9592'),(29103,23,24,669,'2.1583'),(29104,23,24,670,'7.6739'),(29105,23,24,671,'8.1535'),(29106,23,24,672,'0'),(29107,23,25,654,'25'),(29108,23,25,655,'1044'),(29109,23,25,656,'36'),(29110,23,25,657,'38'),(29111,23,25,658,'46.3415'),(29112,23,25,659,'7.561'),(29113,23,25,660,'0.7317'),(29114,23,25,661,'12.439'),(29115,23,25,662,'9.5122'),(29116,23,25,663,'3.9024'),(29117,23,25,664,'0.9756'),(29118,23,25,665,'1.2195'),(29119,23,25,666,'0'),(29120,23,25,667,'0.2439'),(29121,23,25,668,'0.9756'),(29122,23,25,669,'1.4634'),(29123,23,25,670,'8.2927'),(29124,23,25,671,'4.6341'),(29125,23,25,672,'0.4878'),(29126,23,26,654,'26'),(29127,23,26,655,'1103'),(29128,23,26,656,'38'),(29129,23,26,657,'40'),(29130,23,26,658,'52.1226'),(29131,23,26,659,'6.1321'),(29132,23,26,660,'0.2358'),(29133,23,26,661,'9.1981'),(29134,23,26,662,'7.3113'),(29135,23,26,663,'2.3585'),(29136,23,26,664,'0.2358'),(29137,23,26,665,'0.4717'),(29138,23,26,666,'0.7075'),(29139,23,26,667,'1.1792'),(29140,23,26,668,'1.1792'),(29141,23,26,669,'1.1792'),(29142,23,26,670,'6.6038'),(29143,23,26,671,'6.3679'),(29144,23,26,672,'2.1226'),(29145,23,27,654,'27'),(29146,23,27,655,'1162'),(29147,23,27,656,'40'),(29148,23,27,657,'42'),(29149,23,27,658,'50.9901'),(29150,23,27,659,'9.1584'),(29151,23,27,660,'0.2475'),(29152,23,27,661,'12.3762'),(29153,23,27,662,'8.9109'),(29154,23,27,663,'1.4851'),(29155,23,27,664,'1.7327'),(29156,23,27,665,'0.2475'),(29157,23,27,666,'1.7327'),(29158,23,27,667,'1.4851'),(29159,23,27,668,'0.495'),(29160,23,27,669,'1.2376'),(29161,23,27,670,'3.9604'),(29162,23,27,671,'3.4653'),(29163,23,27,672,'1.2376'),(29164,23,28,654,'28'),(29165,23,28,655,'1310'),(29166,23,28,656,'42'),(29167,23,28,657,'44'),(29168,23,28,658,'43.6451'),(29169,23,28,659,'8.8729'),(29170,23,28,660,'0'),(29171,23,28,661,'10.0719'),(29172,23,28,662,'11.9904'),(29173,23,28,663,'2.6379'),(29174,23,28,664,'0.7194'),(29175,23,28,665,'0.4796'),(29176,23,28,666,'1.4388'),(29177,23,28,667,'1.199'),(29178,23,28,668,'0.7194'),(29179,23,28,669,'3.1175'),(29180,23,28,670,'4.3165'),(29181,23,28,671,'5.9952'),(29182,23,28,672,'2.8777'),(29183,23,29,654,'29'),(29184,23,29,655,'1383'),(29185,23,29,656,'43'),(29186,23,29,657,'45'),(29187,23,29,658,'51.1278'),(29188,23,29,659,'4.5113'),(29189,23,29,660,'0'),(29190,23,29,661,'14.5363'),(29191,23,29,662,'11.2782'),(29192,23,29,663,'2.5063'),(29193,23,29,664,'0.5013'),(29194,23,29,665,'0'),(29195,23,29,666,'1.0025'),(29196,23,29,667,'1.0025'),(29197,23,29,668,'0.7519'),(29198,23,29,669,'1.0025'),(29199,23,29,670,'5.7644'),(29200,23,29,671,'3.7594'),(29201,23,29,672,'0.2506'),(29202,23,30,654,'30'),(29203,23,30,655,'1457'),(29204,23,30,656,'44'),(29205,23,30,657,'46'),(29206,23,30,658,'43.7811'),(29207,23,30,659,'6.9652'),(29208,23,30,660,'0.7463'),(29209,23,30,661,'12.6866'),(29210,23,30,662,'10.199'),(29211,23,30,663,'1.99'),(29212,23,30,664,'10.9453'),(29213,23,30,665,'0'),(29214,23,30,666,'0.4975'),(29215,23,30,667,'0.7463'),(29216,23,30,668,'0.995'),(29217,23,30,669,'0.7463'),(29218,23,30,670,'3.9801'),(29219,23,30,671,'4.9751'),(29220,23,30,672,'0.2488'),(29221,23,31,654,'31'),(29222,23,31,655,'1554'),(29223,23,31,656,'46'),(29224,23,31,657,'48'),(29225,23,31,658,'54.1667'),(29226,23,31,659,'6.1275'),(29227,23,31,660,'0'),(29228,23,31,661,'12.0098'),(29229,23,31,662,'6.8627'),(29230,23,31,663,'0.7353'),(29231,23,31,664,'0.2451'),(29232,23,31,665,'0.2451'),(29233,23,31,666,'0.9804'),(29234,23,31,667,'0.7353'),(29235,23,31,668,'0.7353'),(29236,23,31,669,'0.9804'),(29237,23,31,670,'10.049'),(29238,23,31,671,'4.902'),(29239,23,31,672,'0.4902'),(29240,23,32,654,'32'),(29241,23,32,655,'1599'),(29242,23,32,656,'47.9'),(29243,23,32,657,'64'),(29244,23,32,658,'45.122'),(29245,23,32,659,'2.9268'),(29246,23,32,660,'0'),(29247,23,32,661,'10'),(29248,23,32,662,'9.0244'),(29249,23,32,663,'2.9268'),(29250,23,32,664,'0'),(29251,23,32,665,'0.2439'),(29252,23,32,666,'0.4878'),(29253,23,32,667,'0'),(29254,23,32,668,'9.5122'),(29255,23,32,669,'4.6341'),(29256,23,32,670,'9.0244'),(29257,23,32,671,'2.439'),(29258,23,32,672,'0.4878'),(29259,23,33,654,'33'),(29260,23,33,655,'1601'),(29261,23,33,656,'48'),(29262,23,33,657,'50'),(29263,23,33,658,'41.5584'),(29264,23,33,659,'9.8701'),(29265,23,33,660,'0'),(29266,23,33,661,'14.026'),(29267,23,33,662,'9.3506'),(29268,23,33,663,'3.1169'),(29269,23,33,664,'0.7792'),(29270,23,33,665,'0.2597'),(29271,23,33,666,'0'),(29272,23,33,667,'0.2597'),(29273,23,33,668,'1.039'),(29274,23,33,669,'0.5195'),(29275,23,33,670,'11.4286'),(29276,23,33,671,'4.9351'),(29277,23,33,672,'1.039'),(29278,23,34,654,'34'),(29279,23,34,655,'1662'),(29280,23,34,656,'50.5'),(29281,23,34,657,'66'),(29282,23,34,658,'46.0094'),(29283,23,34,659,'3.2864'),(29284,23,34,660,'0'),(29285,23,34,661,'7.9812'),(29286,23,34,662,'9.6244'),(29287,23,34,663,'3.9906'),(29288,23,34,664,'0.4695'),(29289,23,34,665,'0.7042'),(29290,23,34,666,'0.2347'),(29291,23,34,667,'0.4695'),(29292,23,34,668,'7.9812'),(29293,23,34,669,'5.6338'),(29294,23,34,670,'10.3286'),(29295,23,34,671,'1.8779'),(29296,23,34,672,'0.2347'),(29297,23,35,654,'35'),(29298,23,35,655,'1760'),(29299,23,35,656,'54.6'),(29300,23,35,657,'69'),(29301,23,35,658,'55.7178'),(29302,23,35,659,'8.7591'),(29303,23,35,660,'0'),(29304,23,35,661,'5.3528'),(29305,23,35,662,'10.219'),(29306,23,35,663,'1.9465'),(29307,23,35,664,'0'),(29308,23,35,665,'0'),(29309,23,35,666,'0.7299'),(29310,23,35,667,'0.4866'),(29311,23,35,668,'1.2165'),(29312,23,35,669,'2.4331'),(29313,23,35,670,'11.1922'),(29314,23,35,671,'0.9732'),(29315,23,35,672,'0'),(29316,23,36,654,'36'),(29317,23,36,655,'1828'),(29318,23,36,656,'57.3'),(29319,23,36,657,'71'),(29320,23,36,658,'47.1264'),(29321,23,36,659,'5.7471'),(29322,23,36,660,'0.2299'),(29323,23,36,661,'7.1264'),(29324,23,36,662,'16.092'),(29325,23,36,663,'0.9195'),(29326,23,36,664,'0.2299'),(29327,23,36,665,'0.2299'),(29328,23,36,666,'0.6897'),(29329,23,36,667,'0.9195'),(29330,23,36,668,'0.4598'),(29331,23,36,669,'1.1494'),(29332,23,36,670,'15.6322'),(29333,23,36,671,'2.069'),(29334,23,36,672,'0'),(29335,23,37,654,'37'),(29336,23,37,655,'1928'),(29337,23,37,656,'61.3'),(29338,23,37,657,'74'),(29339,23,37,658,'59.25'),(29340,23,37,659,'9.25'),(29341,23,37,660,'0'),(29342,23,37,661,'6'),(29343,23,37,662,'9.25'),(29344,23,37,663,'2.75'),(29345,23,37,664,'0'),(29346,23,37,665,'0.25'),(29347,23,37,666,'0.25'),(29348,23,37,667,'0.5'),(29349,23,37,668,'0.25'),(29350,23,37,669,'2'),(29351,23,37,670,'8'),(29352,23,37,671,'1.5'),(29353,23,37,672,'0'),(29354,23,38,654,'38'),(29355,23,38,655,'1993'),(29356,23,38,656,'63.9'),(29357,23,38,657,'76'),(29358,23,38,658,'58.9109'),(29359,23,38,659,'4.2079'),(29360,23,38,660,'0'),(29361,23,38,661,'7.9208'),(29362,23,38,662,'7.4257'),(29363,23,38,663,'2.7228'),(29364,23,38,664,'0.9901'),(29365,23,38,665,'0'),(29366,23,38,666,'0.495'),(29367,23,38,667,'1.4851'),(29368,23,38,668,'0'),(29369,23,38,669,'1.4851'),(29370,23,38,670,'11.6337'),(29371,23,38,671,'1.4851'),(29372,23,38,672,'0'),(29373,23,39,654,'39'),(29374,23,39,655,'2082'),(29375,23,39,656,'68'),(29376,23,39,657,'79'),(29377,23,39,658,'41.4758'),(29378,23,39,659,'4.3257'),(29379,23,39,660,'1.2723'),(29380,23,39,661,'10.1781'),(29381,23,39,662,'9.4148'),(29382,23,39,663,'2.799'),(29383,23,39,664,'0.2545'),(29384,23,39,665,'0.5089'),(29385,23,39,666,'0.2545'),(29386,23,39,667,'1.0178'),(29387,23,39,668,'0'),(29388,23,39,669,'1.5267'),(29389,23,39,670,'24.173'),(29390,23,39,671,'2.5445'),(29391,23,39,672,'0'),(29392,23,40,654,'40'),(29393,23,40,655,'2137'),(29394,23,40,656,'70.7'),(29395,23,40,657,'81'),(29396,23,40,658,'38.9908'),(29397,23,40,659,'4.8165'),(29398,23,40,660,'0.9174'),(29399,23,40,661,'14.2202'),(29400,23,40,662,'11.2385'),(29401,23,40,663,'8.7156'),(29402,23,40,664,'0.6881'),(29403,23,40,665,'0.2294'),(29404,23,40,666,'0.9174'),(29405,23,40,667,'0.9174'),(29406,23,40,668,'0.2294'),(29407,23,40,669,'1.3761'),(29408,23,40,670,'12.844'),(29409,23,40,671,'3.211'),(29410,23,40,672,'0'),(29411,23,41,654,'41'),(29412,23,41,655,'2212'),(29413,23,41,656,'75'),(29414,23,41,657,'87'),(29415,23,41,658,'50.8197'),(29416,23,41,659,'5.7377'),(29417,23,41,660,'0.4098'),(29418,23,41,661,'10.6557'),(29419,23,41,662,'8.6066'),(29420,23,41,663,'3.6885'),(29421,23,41,664,'0.2049'),(29422,23,41,665,'0.2049'),(29423,23,41,666,'3.0738'),(29424,23,41,667,'1.2295'),(29425,23,41,668,'1.6393'),(29426,23,41,669,'1.0246'),(29427,23,41,670,'9.8361'),(29428,23,41,671,'2.459'),(29429,23,41,672,'0'),(29430,23,42,654,'42'),(29431,23,42,655,'2266'),(29432,23,42,656,'78.1'),(29433,23,42,657,'90'),(29434,23,42,658,'42.1801'),(29435,23,42,659,'6.6351'),(29436,23,42,660,'0'),(29437,23,42,661,'6.3981'),(29438,23,42,662,'8.0569'),(29439,23,42,663,'2.6066'),(29440,23,42,664,'0'),(29441,23,42,665,'0.237'),(29442,23,42,666,'8.2938'),(29443,23,42,667,'1.6588'),(29444,23,42,668,'0.4739'),(29445,23,42,669,'1.8957'),(29446,23,42,670,'18.4834'),(29447,23,42,671,'0.9479'),(29448,23,42,672,'0.4739'),(29449,23,43,654,'43'),(29450,23,43,655,'2340'),(29451,23,43,656,'82.2'),(29452,23,43,657,'94'),(29453,23,43,658,'32.8537'),(29454,23,43,659,'5.7554'),(29455,23,43,660,'0.2398'),(29456,23,43,661,'3.3573'),(29457,23,43,662,'9.5923'),(29458,23,43,663,'2.8777'),(29459,23,43,664,'0'),(29460,23,43,665,'0'),(29461,23,43,666,'0.9592'),(29462,23,43,667,'1.6787'),(29463,23,43,668,'0.9592'),(29464,23,43,669,'1.9185'),(29465,23,43,670,'33.8129'),(29466,23,43,671,'3.1175'),(29467,23,43,672,'1.4388'),(29468,23,44,654,'44'),(29469,23,44,655,'3183'),(29470,23,44,656,'113.8'),(29471,23,44,657,'125'),(29472,23,44,658,'59.5078'),(29473,23,44,659,'6.264'),(29474,23,44,660,'0'),(29475,23,44,661,'11.6331'),(29476,23,44,662,'8.5011'),(29477,23,44,663,'1.566'),(29478,23,44,664,'0.2237'),(29479,23,44,665,'0'),(29480,23,44,666,'0.4474'),(29481,23,44,667,'0.8949'),(29482,23,44,668,'0.6711'),(29483,23,44,669,'2.2371'),(29484,23,44,670,'4.2506'),(29485,23,44,671,'1.3423'),(29486,23,44,672,'0'),(31159,26,1,711,'1'),(31160,26,1,712,'0'),(31161,26,1,713,'2'),(31162,26,1,714,'114'),(31163,26,1,715,'0'),(31164,26,1,716,'3'),(31165,26,1,717,'2'),(31166,26,1,718,'0'),(31167,26,1,719,'0'),(31168,26,1,720,'1'),(31169,26,1,721,'6'),(31170,26,1,722,'0'),(31171,26,1,723,'1'),(31172,26,1,724,'0'),(31173,26,1,725,'0'),(31174,26,1,726,'1'),(31175,26,1,727,'0'),(31176,26,1,728,'27'),(31177,26,1,729,'186'),(31178,26,1,730,'0'),(31179,26,1,731,'0'),(31180,26,1,732,'5'),(31181,26,1,733,'19'),(31182,26,1,734,'1'),(31183,26,1,735,'0'),(31184,26,1,736,'0'),(31185,26,1,737,'404'),(31186,26,1,738,'1'),(31187,26,1,739,'0'),(31188,26,1,740,'105'),(31189,26,1,741,'0'),(31190,26,1,742,'23'),(31191,26,1,743,'0'),(31192,26,1,744,'0'),(31193,26,1,745,'0'),(31194,26,1,746,'93'),(31195,26,1,747,'9'),(31196,26,1,748,'2'),(31197,26,1,749,'0'),(31198,26,1,750,'0'),(31199,26,1,751,'0'),(31200,26,1,752,'3'),(31201,26,1,753,'0'),(31202,26,1,754,'0'),(31203,26,1,755,'0'),(31204,26,1,756,'0'),(31205,26,1,757,'4'),(31206,26,2,711,'2'),(31207,26,2,712,'1'),(31208,26,2,713,'3'),(31209,26,2,714,'73'),(31210,26,2,715,'1'),(31211,26,2,716,'2'),(31212,26,2,717,'0'),(31213,26,2,718,'1'),(31214,26,2,719,'1'),(31215,26,2,720,'1'),(31216,26,2,721,'2'),(31217,26,2,722,'0'),(31218,26,2,723,'0'),(31219,26,2,724,'0'),(31220,26,2,725,'0'),(31221,26,2,726,'2'),(31222,26,2,727,'0'),(31223,26,2,728,'30'),(31224,26,2,729,'148'),(31225,26,2,730,'0'),(31226,26,2,731,'0'),(31227,26,2,732,'1'),(31228,26,2,733,'12'),(31229,26,2,734,'0'),(31230,26,2,735,'0'),(31231,26,2,736,'0'),(31232,26,2,737,'489'),(31233,26,2,738,'1'),(31234,26,2,739,'0'),(31235,26,2,740,'132'),(31236,26,2,741,'0'),(31237,26,2,742,'40'),(31238,26,2,743,'0'),(31239,26,2,744,'3'),(31240,26,2,745,'0'),(31241,26,2,746,'90'),(31242,26,2,747,'5'),(31243,26,2,748,'1'),(31244,26,2,749,'0'),(31245,26,2,750,'0'),(31246,26,2,751,'0'),(31247,26,2,752,'2'),(31248,26,2,753,'1'),(31249,26,2,754,'0'),(31250,26,2,755,'0'),(31251,26,2,756,'0'),(31252,26,2,757,'4'),(31253,26,3,711,'3'),(31254,26,3,712,'3'),(31255,26,3,713,'5'),(31256,26,3,714,'102'),(31257,26,3,715,'2'),(31258,26,3,716,'2'),(31259,26,3,717,'2'),(31260,26,3,718,'2'),(31261,26,3,719,'0'),(31262,26,3,720,'2'),(31263,26,3,721,'2'),(31264,26,3,722,'0'),(31265,26,3,723,'0'),(31266,26,3,724,'0'),(31267,26,3,725,'0'),(31268,26,3,726,'3'),(31269,26,3,727,'0'),(31270,26,3,728,'25'),(31271,26,3,729,'143'),(31272,26,3,730,'0'),(31273,26,3,731,'0'),(31274,26,3,732,'4'),(31275,26,3,733,'14'),(31276,26,3,734,'0'),(31277,26,3,735,'0'),(31278,26,3,736,'1'),(31279,26,3,737,'361'),(31280,26,3,738,'0'),(31281,26,3,739,'1'),(31282,26,3,740,'121'),(31283,26,3,741,'0'),(31284,26,3,742,'37'),(31285,26,3,743,'0'),(31286,26,3,744,'5'),(31287,26,3,745,'0'),(31288,26,3,746,'68'),(31289,26,3,747,'9'),(31290,26,3,748,'4'),(31291,26,3,749,'0'),(31292,26,3,750,'0'),(31293,26,3,751,'0'),(31294,26,3,752,'3'),(31295,26,3,753,'0'),(31296,26,3,754,'0'),(31297,26,3,755,'0'),(31298,26,3,756,'0'),(31299,26,3,757,'2'),(31300,26,4,711,'4'),(31301,26,4,712,'4'),(31302,26,4,713,'6'),(31303,26,4,714,'70'),(31304,26,4,715,'0'),(31305,26,4,716,'0'),(31306,26,4,717,'0'),(31307,26,4,718,'2'),(31308,26,4,719,'0'),(31309,26,4,720,'0'),(31310,26,4,721,'3'),(31311,26,4,722,'0'),(31312,26,4,723,'0'),(31313,26,4,724,'0'),(31314,26,4,725,'0'),(31315,26,4,726,'1'),(31316,26,4,727,'0'),(31317,26,4,728,'57'),(31318,26,4,729,'116'),(31319,26,4,730,'0'),(31320,26,4,731,'0'),(31321,26,4,732,'3'),(31322,26,4,733,'28'),(31323,26,4,734,'0'),(31324,26,4,735,'1'),(31325,26,4,736,'0'),(31326,26,4,737,'192'),(31327,26,4,738,'0'),(31328,26,4,739,'1'),(31329,26,4,740,'124'),(31330,26,4,741,'12'),(31331,26,4,742,'38'),(31332,26,4,743,'0'),(31333,26,4,744,'3'),(31334,26,4,745,'0'),(31335,26,4,746,'64'),(31336,26,4,747,'5'),(31337,26,4,748,'4'),(31338,26,4,749,'0'),(31339,26,4,750,'0'),(31340,26,4,751,'0'),(31341,26,4,752,'0'),(31342,26,4,753,'0'),(31343,26,4,754,'0'),(31344,26,4,755,'0'),(31345,26,4,756,'0'),(31346,26,4,757,'0'),(31347,26,5,711,'5'),(31348,26,5,712,'5'),(31349,26,5,713,'7'),(31350,26,5,714,'76'),(31351,26,5,715,'1'),(31352,26,5,716,'2'),(31353,26,5,717,'3'),(31354,26,5,718,'1'),(31355,26,5,719,'0'),(31356,26,5,720,'1'),(31357,26,5,721,'2'),(31358,26,5,722,'0'),(31359,26,5,723,'0'),(31360,26,5,724,'0'),(31361,26,5,725,'0'),(31362,26,5,726,'3'),(31363,26,5,727,'1'),(31364,26,5,728,'38'),(31365,26,5,729,'147'),(31366,26,5,730,'0'),(31367,26,5,731,'0'),(31368,26,5,732,'2'),(31369,26,5,733,'15'),(31370,26,5,734,'0'),(31371,26,5,735,'0'),(31372,26,5,736,'1'),(31373,26,5,737,'348'),(31374,26,5,738,'0'),(31375,26,5,739,'0'),(31376,26,5,740,'133'),(31377,26,5,741,'0'),(31378,26,5,742,'44'),(31379,26,5,743,'0'),(31380,26,5,744,'4'),(31381,26,5,745,'0'),(31382,26,5,746,'77'),(31383,26,5,747,'6'),(31384,26,5,748,'4'),(31385,26,5,749,'0'),(31386,26,5,750,'0'),(31387,26,5,751,'0'),(31388,26,5,752,'0'),(31389,26,5,753,'0'),(31390,26,5,754,'0'),(31391,26,5,755,'0'),(31392,26,5,756,'0'),(31393,26,5,757,'2'),(31394,26,6,711,'6'),(31395,26,6,712,'6'),(31396,26,6,713,'8'),(31397,26,6,714,'58'),(31398,26,6,715,'1'),(31399,26,6,716,'0'),(31400,26,6,717,'2'),(31401,26,6,718,'3'),(31402,26,6,719,'0'),(31403,26,6,720,'1'),(31404,26,6,721,'3'),(31405,26,6,722,'0'),(31406,26,6,723,'0'),(31407,26,6,724,'0'),(31408,26,6,725,'0'),(31409,26,6,726,'2'),(31410,26,6,727,'0'),(31411,26,6,728,'41'),(31412,26,6,729,'165'),(31413,26,6,730,'0'),(31414,26,6,731,'0'),(31415,26,6,732,'3'),(31416,26,6,733,'36'),(31417,26,6,734,'0'),(31418,26,6,735,'0'),(31419,26,6,736,'0'),(31420,26,6,737,'186'),(31421,26,6,738,'0'),(31422,26,6,739,'0'),(31423,26,6,740,'129'),(31424,26,6,741,'1'),(31425,26,6,742,'53'),(31426,26,6,743,'0'),(31427,26,6,744,'3'),(31428,26,6,745,'0'),(31429,26,6,746,'44'),(31430,26,6,747,'6'),(31431,26,6,748,'5'),(31432,26,6,749,'0'),(31433,26,6,750,'0'),(31434,26,6,751,'0'),(31435,26,6,752,'1'),(31436,26,6,753,'0'),(31437,26,6,754,'0'),(31438,26,6,755,'0'),(31439,26,6,756,'0'),(31440,26,6,757,'7'),(31441,26,7,711,'7'),(31442,26,7,712,'8'),(31443,26,7,713,'10'),(31444,26,7,714,'47'),(31445,26,7,715,'3'),(31446,26,7,716,'2'),(31447,26,7,717,'2'),(31448,26,7,718,'2'),(31449,26,7,719,'0'),(31450,26,7,720,'0'),(31451,26,7,721,'3'),(31452,26,7,722,'1'),(31453,26,7,723,'0'),(31454,26,7,724,'0'),(31455,26,7,725,'0'),(31456,26,7,726,'2'),(31457,26,7,727,'0'),(31458,26,7,728,'30'),(31459,26,7,729,'151'),(31460,26,7,730,'0'),(31461,26,7,731,'0'),(31462,26,7,732,'3'),(31463,26,7,733,'32'),(31464,26,7,734,'0'),(31465,26,7,735,'0'),(31466,26,7,736,'0'),(31467,26,7,737,'725'),(31468,26,7,738,'0'),(31469,26,7,739,'2'),(31470,26,7,740,'227'),(31471,26,7,741,'1'),(31472,26,7,742,'33'),(31473,26,7,743,'1'),(31474,26,7,744,'2'),(31475,26,7,745,'0'),(31476,26,7,746,'63'),(31477,26,7,747,'9'),(31478,26,7,748,'4'),(31479,26,7,749,'0'),(31480,26,7,750,'0'),(31481,26,7,751,'0'),(31482,26,7,752,'1'),(31483,26,7,753,'0'),(31484,26,7,754,'0'),(31485,26,7,755,'0'),(31486,26,7,756,'0'),(31487,26,7,757,'1'),(31488,26,8,711,'8'),(31489,26,8,712,'10'),(31490,26,8,713,'12'),(31491,26,8,714,'64'),(31492,26,8,715,'1'),(31493,26,8,716,'2'),(31494,26,8,717,'0'),(31495,26,8,718,'2'),(31496,26,8,719,'0'),(31497,26,8,720,'1'),(31498,26,8,721,'4'),(31499,26,8,722,'1'),(31500,26,8,723,'1'),(31501,26,8,724,'0'),(31502,26,8,725,'0'),(31503,26,8,726,'1'),(31504,26,8,727,'0'),(31505,26,8,728,'52'),(31506,26,8,729,'161'),(31507,26,8,730,'0'),(31508,26,8,731,'0'),(31509,26,8,732,'1'),(31510,26,8,733,'22'),(31511,26,8,734,'0'),(31512,26,8,735,'0'),(31513,26,8,736,'0'),(31514,26,8,737,'194'),(31515,26,8,738,'0'),(31516,26,8,739,'0'),(31517,26,8,740,'162'),(31518,26,8,741,'0'),(31519,26,8,742,'23'),(31520,26,8,743,'0'),(31521,26,8,744,'7'),(31522,26,8,745,'0'),(31523,26,8,746,'36'),(31524,26,8,747,'19'),(31525,26,8,748,'1'),(31526,26,8,749,'0'),(31527,26,8,750,'0'),(31528,26,8,751,'0'),(31529,26,8,752,'0'),(31530,26,8,753,'0'),(31531,26,8,754,'0'),(31532,26,8,755,'1'),(31533,26,8,756,'0'),(31534,26,8,757,'0'),(31535,26,9,711,'9'),(31536,26,9,712,'12'),(31537,26,9,713,'14'),(31538,26,9,714,'42'),(31539,26,9,715,'4'),(31540,26,9,716,'4'),(31541,26,9,717,'1'),(31542,26,9,718,'2'),(31543,26,9,719,'0'),(31544,26,9,720,'1'),(31545,26,9,721,'4'),(31546,26,9,722,'0'),(31547,26,9,723,'0'),(31548,26,9,724,'0'),(31549,26,9,725,'0'),(31550,26,9,726,'0'),(31551,26,9,727,'1'),(31552,26,9,728,'55'),(31553,26,9,729,'102'),(31554,26,9,730,'0'),(31555,26,9,731,'0'),(31556,26,9,732,'4'),(31557,26,9,733,'26'),(31558,26,9,734,'0'),(31559,26,9,735,'0'),(31560,26,9,736,'0'),(31561,26,9,737,'302'),(31562,26,9,738,'0'),(31563,26,9,739,'0'),(31564,26,9,740,'159'),(31565,26,9,741,'1'),(31566,26,9,742,'18'),(31567,26,9,743,'2'),(31568,26,9,744,'5'),(31569,26,9,745,'0'),(31570,26,9,746,'45'),(31571,26,9,747,'21'),(31572,26,9,748,'0'),(31573,26,9,749,'0'),(31574,26,9,750,'0'),(31575,26,9,751,'0'),(31576,26,9,752,'0'),(31577,26,9,753,'1'),(31578,26,9,754,'0'),(31579,26,9,755,'0'),(31580,26,9,756,'0'),(31581,26,9,757,'8'),(31582,26,10,711,'10'),(31583,26,10,712,'14'),(31584,26,10,713,'16'),(31585,26,10,714,'40'),(31586,26,10,715,'4'),(31587,26,10,716,'1'),(31588,26,10,717,'0'),(31589,26,10,718,'5'),(31590,26,10,719,'1'),(31591,26,10,720,'2'),(31592,26,10,721,'2'),(31593,26,10,722,'0'),(31594,26,10,723,'0'),(31595,26,10,724,'0'),(31596,26,10,725,'0'),(31597,26,10,726,'1'),(31598,26,10,727,'0'),(31599,26,10,728,'60'),(31600,26,10,729,'84'),(31601,26,10,730,'0'),(31602,26,10,731,'0'),(31603,26,10,732,'3'),(31604,26,10,733,'15'),(31605,26,10,734,'0'),(31606,26,10,735,'0'),(31607,26,10,736,'1'),(31608,26,10,737,'186'),(31609,26,10,738,'0'),(31610,26,10,739,'2'),(31611,26,10,740,'183'),(31612,26,10,741,'0'),(31613,26,10,742,'29'),(31614,26,10,743,'0'),(31615,26,10,744,'3'),(31616,26,10,745,'0'),(31617,26,10,746,'35'),(31618,26,10,747,'17'),(31619,26,10,748,'4'),(31620,26,10,749,'0'),(31621,26,10,750,'0'),(31622,26,10,751,'0'),(31623,26,10,752,'0'),(31624,26,10,753,'1'),(31625,26,10,754,'0'),(31626,26,10,755,'0'),(31627,26,10,756,'0'),(31628,26,10,757,'2'),(31629,26,11,711,'11'),(31630,26,11,712,'16'),(31631,26,11,713,'18'),(31632,26,11,714,'42'),(31633,26,11,715,'2'),(31634,26,11,716,'5'),(31635,26,11,717,'0'),(31636,26,11,718,'1'),(31637,26,11,719,'0'),(31638,26,11,720,'3'),(31639,26,11,721,'4'),(31640,26,11,722,'0'),(31641,26,11,723,'0'),(31642,26,11,724,'0'),(31643,26,11,725,'0'),(31644,26,11,726,'4'),(31645,26,11,727,'0'),(31646,26,11,728,'47'),(31647,26,11,729,'97'),(31648,26,11,730,'0'),(31649,26,11,731,'0'),(31650,26,11,732,'4'),(31651,26,11,733,'19'),(31652,26,11,734,'0'),(31653,26,11,735,'0'),(31654,26,11,736,'0'),(31655,26,11,737,'214'),(31656,26,11,738,'0'),(31657,26,11,739,'4'),(31658,26,11,740,'198'),(31659,26,11,741,'1'),(31660,26,11,742,'25'),(31661,26,11,743,'0'),(31662,26,11,744,'3'),(31663,26,11,745,'0'),(31664,26,11,746,'58'),(31665,26,11,747,'13'),(31666,26,11,748,'2'),(31667,26,11,749,'1'),(31668,26,11,750,'0'),(31669,26,11,751,'0'),(31670,26,11,752,'0'),(31671,26,11,753,'0'),(31672,26,11,754,'0'),(31673,26,11,755,'0'),(31674,26,11,756,'0'),(31675,26,11,757,'3'),(31676,26,12,711,'12'),(31677,26,12,712,'17'),(31678,26,12,713,'19'),(31679,26,12,714,'44'),(31680,26,12,715,'1'),(31681,26,12,716,'1'),(31682,26,12,717,'0'),(31683,26,12,718,'0'),(31684,26,12,719,'1'),(31685,26,12,720,'0'),(31686,26,12,721,'1'),(31687,26,12,722,'0'),(31688,26,12,723,'0'),(31689,26,12,724,'0'),(31690,26,12,725,'0'),(31691,26,12,726,'1'),(31692,26,12,727,'0'),(31693,26,12,728,'39'),(31694,26,12,729,'85'),(31695,26,12,730,'0'),(31696,26,12,731,'0'),(31697,26,12,732,'5'),(31698,26,12,733,'21'),(31699,26,12,734,'0'),(31700,26,12,735,'0'),(31701,26,12,736,'0'),(31702,26,12,737,'439'),(31703,26,12,738,'1'),(31704,26,12,739,'4'),(31705,26,12,740,'203'),(31706,26,12,741,'0'),(31707,26,12,742,'31'),(31708,26,12,743,'0'),(31709,26,12,744,'2'),(31710,26,12,745,'0'),(31711,26,12,746,'47'),(31712,26,12,747,'11'),(31713,26,12,748,'5'),(31714,26,12,749,'0'),(31715,26,12,750,'0'),(31716,26,12,751,'0'),(31717,26,12,752,'2'),(31718,26,12,753,'2'),(31719,26,12,754,'0'),(31720,26,12,755,'0'),(31721,26,12,756,'0'),(31722,26,12,757,'2'),(31723,26,13,711,'13'),(31724,26,13,712,'18'),(31725,26,13,713,'20'),(31726,26,13,714,'45'),(31727,26,13,715,'4'),(31728,26,13,716,'2'),(31729,26,13,717,'1'),(31730,26,13,718,'3'),(31731,26,13,719,'1'),(31732,26,13,720,'0'),(31733,26,13,721,'8'),(31734,26,13,722,'0'),(31735,26,13,723,'1'),(31736,26,13,724,'0'),(31737,26,13,725,'0'),(31738,26,13,726,'2'),(31739,26,13,727,'0'),(31740,26,13,728,'44'),(31741,26,13,729,'89'),(31742,26,13,730,'0'),(31743,26,13,731,'0'),(31744,26,13,732,'2'),(31745,26,13,733,'15'),(31746,26,13,734,'0'),(31747,26,13,735,'2'),(31748,26,13,736,'0'),(31749,26,13,737,'355'),(31750,26,13,738,'0'),(31751,26,13,739,'17'),(31752,26,13,740,'191'),(31753,26,13,741,'6'),(31754,26,13,742,'14'),(31755,26,13,743,'2'),(31756,26,13,744,'2'),(31757,26,13,745,'0'),(31758,26,13,746,'38'),(31759,26,13,747,'11'),(31760,26,13,748,'3'),(31761,26,13,749,'0'),(31762,26,13,750,'0'),(31763,26,13,751,'0'),(31764,26,13,752,'7'),(31765,26,13,753,'0'),(31766,26,13,754,'0'),(31767,26,13,755,'0'),(31768,26,13,756,'11'),(31769,26,13,757,'13'),(31770,26,14,711,'14'),(31771,26,14,712,'20'),(31772,26,14,713,'22'),(31773,26,14,714,'47'),(31774,26,14,715,'3'),(31775,26,14,716,'5'),(31776,26,14,717,'0'),(31777,26,14,718,'4'),(31778,26,14,719,'1'),(31779,26,14,720,'0'),(31780,26,14,721,'7'),(31781,26,14,722,'1'),(31782,26,14,723,'0'),(31783,26,14,724,'0'),(31784,26,14,725,'0'),(31785,26,14,726,'5'),(31786,26,14,727,'1'),(31787,26,14,728,'59'),(31788,26,14,729,'85'),(31789,26,14,730,'0'),(31790,26,14,731,'0'),(31791,26,14,732,'1'),(31792,26,14,733,'15'),(31793,26,14,734,'0'),(31794,26,14,735,'0'),(31795,26,14,736,'0'),(31796,26,14,737,'331'),(31797,26,14,738,'1'),(31798,26,14,739,'8'),(31799,26,14,740,'170'),(31800,26,14,741,'3'),(31801,26,14,742,'30'),(31802,26,14,743,'3'),(31803,26,14,744,'1'),(31804,26,14,745,'0'),(31805,26,14,746,'43'),(31806,26,14,747,'10'),(31807,26,14,748,'4'),(31808,26,14,749,'0'),(31809,26,14,750,'0'),(31810,26,14,751,'0'),(31811,26,14,752,'13'),(31812,26,14,753,'1'),(31813,26,14,754,'0'),(31814,26,14,755,'0'),(31815,26,14,756,'0'),(31816,26,14,757,'4'),(31817,26,15,711,'15'),(31818,26,15,712,'21'),(31819,26,15,713,'23'),(31820,26,15,714,'63'),(31821,26,15,715,'3'),(31822,26,15,716,'5'),(31823,26,15,717,'2'),(31824,26,15,718,'2'),(31825,26,15,719,'1'),(31826,26,15,720,'3'),(31827,26,15,721,'5'),(31828,26,15,722,'0'),(31829,26,15,723,'0'),(31830,26,15,724,'0'),(31831,26,15,725,'0'),(31832,26,15,726,'1'),(31833,26,15,727,'1'),(31834,26,15,728,'27'),(31835,26,15,729,'84'),(31836,26,15,730,'0'),(31837,26,15,731,'0'),(31838,26,15,732,'2'),(31839,26,15,733,'14'),(31840,26,15,734,'0'),(31841,26,15,735,'0'),(31842,26,15,736,'0'),(31843,26,15,737,'338'),(31844,26,15,738,'0'),(31845,26,15,739,'1'),(31846,26,15,740,'207'),(31847,26,15,741,'0'),(31848,26,15,742,'25'),(31849,26,15,743,'0'),(31850,26,15,744,'2'),(31851,26,15,745,'0'),(31852,26,15,746,'54'),(31853,26,15,747,'1'),(31854,26,15,748,'8'),(31855,26,15,749,'0'),(31856,26,15,750,'0'),(31857,26,15,751,'0'),(31858,26,15,752,'6'),(31859,26,15,753,'0'),(31860,26,15,754,'0'),(31861,26,15,755,'0'),(31862,26,15,756,'0'),(31863,26,15,757,'0'),(31864,26,16,711,'16'),(31865,26,16,712,'22'),(31866,26,16,713,'24'),(31867,26,16,714,'50'),(31868,26,16,715,'1'),(31869,26,16,716,'8'),(31870,26,16,717,'1'),(31871,26,16,718,'2'),(31872,26,16,719,'1'),(31873,26,16,720,'0'),(31874,26,16,721,'4'),(31875,26,16,722,'1'),(31876,26,16,723,'0'),(31877,26,16,724,'0'),(31878,26,16,725,'0'),(31879,26,16,726,'1'),(31880,26,16,727,'1'),(31881,26,16,728,'39'),(31882,26,16,729,'84'),(31883,26,16,730,'0'),(31884,26,16,731,'0'),(31885,26,16,732,'2'),(31886,26,16,733,'13'),(31887,26,16,734,'0'),(31888,26,16,735,'0'),(31889,26,16,736,'0'),(31890,26,16,737,'547'),(31891,26,16,738,'0'),(31892,26,16,739,'4'),(31893,26,16,740,'193'),(31894,26,16,741,'8'),(31895,26,16,742,'25'),(31896,26,16,743,'1'),(31897,26,16,744,'3'),(31898,26,16,745,'0'),(31899,26,16,746,'38'),(31900,26,16,747,'12'),(31901,26,16,748,'1'),(31902,26,16,749,'0'),(31903,26,16,750,'0'),(31904,26,16,751,'0'),(31905,26,16,752,'12'),(31906,26,16,753,'1'),(31907,26,16,754,'0'),(31908,26,16,755,'0'),(31909,26,16,756,'9'),(31910,26,16,757,'7'),(31911,26,17,711,'17'),(31912,26,17,712,'23'),(31913,26,17,713,'25'),(31914,26,17,714,'53'),(31915,26,17,715,'3'),(31916,26,17,716,'3'),(31917,26,17,717,'0'),(31918,26,17,718,'4'),(31919,26,17,719,'0'),(31920,26,17,720,'2'),(31921,26,17,721,'6'),(31922,26,17,722,'1'),(31923,26,17,723,'0'),(31924,26,17,724,'0'),(31925,26,17,725,'0'),(31926,26,17,726,'3'),(31927,26,17,727,'0'),(31928,26,17,728,'34'),(31929,26,17,729,'77'),(31930,26,17,730,'0'),(31931,26,17,731,'0'),(31932,26,17,732,'1'),(31933,26,17,733,'11'),(31934,26,17,734,'0'),(31935,26,17,735,'0'),(31936,26,17,736,'0'),(31937,26,17,737,'561'),(31938,26,17,738,'1'),(31939,26,17,739,'1'),(31940,26,17,740,'195'),(31941,26,17,741,'1'),(31942,26,17,742,'38'),(31943,26,17,743,'0'),(31944,26,17,744,'2'),(31945,26,17,745,'0'),(31946,26,17,746,'27'),(31947,26,17,747,'8'),(31948,26,17,748,'4'),(31949,26,17,749,'0'),(31950,26,17,750,'0'),(31951,26,17,751,'0'),(31952,26,17,752,'15'),(31953,26,17,753,'1'),(31954,26,17,754,'0'),(31955,26,17,755,'0'),(31956,26,17,756,'0'),(31957,26,17,757,'0'),(31958,26,18,711,'18'),(31959,26,18,712,'24'),(31960,26,18,713,'26'),(31961,26,18,714,'51'),(31962,26,18,715,'2'),(31963,26,18,716,'6'),(31964,26,18,717,'4'),(31965,26,18,718,'5'),(31966,26,18,719,'0'),(31967,26,18,720,'1'),(31968,26,18,721,'7'),(31969,26,18,722,'0'),(31970,26,18,723,'0'),(31971,26,18,724,'0'),(31972,26,18,725,'0'),(31973,26,18,726,'0'),(31974,26,18,727,'0'),(31975,26,18,728,'40'),(31976,26,18,729,'156'),(31977,26,18,730,'0'),(31978,26,18,731,'0'),(31979,26,18,732,'1'),(31980,26,18,733,'8'),(31981,26,18,734,'0'),(31982,26,18,735,'0'),(31983,26,18,736,'3'),(31984,26,18,737,'524'),(31985,26,18,738,'0'),(31986,26,18,739,'2'),(31987,26,18,740,'207'),(31988,26,18,741,'0'),(31989,26,18,742,'14'),(31990,26,18,743,'0'),(31991,26,18,744,'2'),(31992,26,18,745,'0'),(31993,26,18,746,'53'),(31994,26,18,747,'15'),(31995,26,18,748,'3'),(31996,26,18,749,'0'),(31997,26,18,750,'0'),(31998,26,18,751,'0'),(31999,26,18,752,'13'),(32000,26,18,753,'0'),(32001,26,18,754,'0'),(32002,26,18,755,'0'),(32003,26,18,756,'1'),(32004,26,18,757,'0'),(32005,26,19,711,'19'),(32006,26,19,712,'25'),(32007,26,19,713,'27'),(32008,26,19,714,'53'),(32009,26,19,715,'3'),(32010,26,19,716,'3'),(32011,26,19,717,'0'),(32012,26,19,718,'4'),(32013,26,19,719,'0'),(32014,26,19,720,'2'),(32015,26,19,721,'6'),(32016,26,19,722,'1'),(32017,26,19,723,'0'),(32018,26,19,724,'0'),(32019,26,19,725,'0'),(32020,26,19,726,'3'),(32021,26,19,727,'0'),(32022,26,19,728,'34'),(32023,26,19,729,'77'),(32024,26,19,730,'0'),(32025,26,19,731,'0'),(32026,26,19,732,'1'),(32027,26,19,733,'11'),(32028,26,19,734,'0'),(32029,26,19,735,'0'),(32030,26,19,736,'0'),(32031,26,19,737,'561'),(32032,26,19,738,'1'),(32033,26,19,739,'1'),(32034,26,19,740,'195'),(32035,26,19,741,'1'),(32036,26,19,742,'38'),(32037,26,19,743,'0'),(32038,26,19,744,'2'),(32039,26,19,745,'0'),(32040,26,19,746,'27'),(32041,26,19,747,'8'),(32042,26,19,748,'4'),(32043,26,19,749,'0'),(32044,26,19,750,'0'),(32045,26,19,751,'0'),(32046,26,19,752,'15'),(32047,26,19,753,'1'),(32048,26,19,754,'0'),(32049,26,19,755,'0'),(32050,26,19,756,'0'),(32051,26,19,757,'0'),(32052,26,20,711,'20'),(32053,26,20,712,'26'),(32054,26,20,713,'28'),(32055,26,20,714,'50'),(32056,26,20,715,'1'),(32057,26,20,716,'4'),(32058,26,20,717,'0'),(32059,26,20,718,'5'),(32060,26,20,719,'1'),(32061,26,20,720,'0'),(32062,26,20,721,'9'),(32063,26,20,722,'0'),(32064,26,20,723,'0'),(32065,26,20,724,'0'),(32066,26,20,725,'0'),(32067,26,20,726,'4'),(32068,26,20,727,'0'),(32069,26,20,728,'26'),(32070,26,20,729,'95'),(32071,26,20,730,'0'),(32072,26,20,731,'0'),(32073,26,20,732,'0'),(32074,26,20,733,'25'),(32075,26,20,734,'0'),(32076,26,20,735,'1'),(32077,26,20,736,'0'),(32078,26,20,737,'464'),(32079,26,20,738,'0'),(32080,26,20,739,'3'),(32081,26,20,740,'221'),(32082,26,20,741,'1'),(32083,26,20,742,'18'),(32084,26,20,743,'0'),(32085,26,20,744,'0'),(32086,26,20,745,'0'),(32087,26,20,746,'33'),(32088,26,20,747,'11'),(32089,26,20,748,'1'),(32090,26,20,749,'0'),(32091,26,20,750,'0'),(32092,26,20,751,'0'),(32093,26,20,752,'35'),(32094,26,20,753,'0'),(32095,26,20,754,'0'),(32096,26,20,755,'0'),(32097,26,20,756,'0'),(32098,26,20,757,'1'),(32099,26,21,711,'21'),(32100,26,21,712,'28'),(32101,26,21,713,'30'),(32102,26,21,714,'59'),(32103,26,21,715,'2'),(32104,26,21,716,'4'),(32105,26,21,717,'0'),(32106,26,21,718,'3'),(32107,26,21,719,'0'),(32108,26,21,720,'0'),(32109,26,21,721,'8'),(32110,26,21,722,'1'),(32111,26,21,723,'0'),(32112,26,21,724,'0'),(32113,26,21,725,'0'),(32114,26,21,726,'3'),(32115,26,21,727,'0'),(32116,26,21,728,'43'),(32117,26,21,729,'195'),(32118,26,21,730,'0'),(32119,26,21,731,'0'),(32120,26,21,732,'0'),(32121,26,21,733,'9'),(32122,26,21,734,'0'),(32123,26,21,735,'0'),(32124,26,21,736,'0'),(32125,26,21,737,'508'),(32126,26,21,738,'1'),(32127,26,21,739,'1'),(32128,26,21,740,'199'),(32129,26,21,741,'4'),(32130,26,21,742,'24'),(32131,26,21,743,'0'),(32132,26,21,744,'3'),(32133,26,21,745,'0'),(32134,26,21,746,'33'),(32135,26,21,747,'10'),(32136,26,21,748,'1'),(32137,26,21,749,'0'),(32138,26,21,750,'0'),(32139,26,21,751,'0'),(32140,26,21,752,'9'),(32141,26,21,753,'0'),(32142,26,21,754,'0'),(32143,26,21,755,'0'),(32144,26,21,756,'0'),(32145,26,21,757,'11'),(32146,26,22,711,'22'),(32147,26,22,712,'30'),(32148,26,22,713,'32'),(32149,26,22,714,'49'),(32150,26,22,715,'0'),(32151,26,22,716,'5'),(32152,26,22,717,'2'),(32153,26,22,718,'3'),(32154,26,22,719,'0'),(32155,26,22,720,'3'),(32156,26,22,721,'11'),(32157,26,22,722,'1'),(32158,26,22,723,'0'),(32159,26,22,724,'0'),(32160,26,22,725,'0'),(32161,26,22,726,'1'),(32162,26,22,727,'0'),(32163,26,22,728,'46'),(32164,26,22,729,'182'),(32165,26,22,730,'0'),(32166,26,22,731,'0'),(32167,26,22,732,'1'),(32168,26,22,733,'14'),(32169,26,22,734,'0'),(32170,26,22,735,'0'),(32171,26,22,736,'4'),(32172,26,22,737,'330'),(32173,26,22,738,'0'),(32174,26,22,739,'8'),(32175,26,22,740,'178'),(32176,26,22,741,'3'),(32177,26,22,742,'44'),(32178,26,22,743,'0'),(32179,26,22,744,'4'),(32180,26,22,745,'0'),(32181,26,22,746,'37'),(32182,26,22,747,'11'),(32183,26,22,748,'2'),(32184,26,22,749,'0'),(32185,26,22,750,'0'),(32186,26,22,751,'0'),(32187,26,22,752,'12'),(32188,26,22,753,'0'),(32189,26,22,754,'0'),(32190,26,22,755,'0'),(32191,26,22,756,'0'),(32192,26,22,757,'5'),(32193,26,23,711,'23'),(32194,26,23,712,'32'),(32195,26,23,713,'34'),(32196,26,23,714,'52'),(32197,26,23,715,'0'),(32198,26,23,716,'4'),(32199,26,23,717,'1'),(32200,26,23,718,'3'),(32201,26,23,719,'0'),(32202,26,23,720,'1'),(32203,26,23,721,'7'),(32204,26,23,722,'0'),(32205,26,23,723,'0'),(32206,26,23,724,'0'),(32207,26,23,725,'0'),(32208,26,23,726,'1'),(32209,26,23,727,'0'),(32210,26,23,728,'46'),(32211,26,23,729,'160'),(32212,26,23,730,'1'),(32213,26,23,731,'0'),(32214,26,23,732,'0'),(32215,26,23,733,'15'),(32216,26,23,734,'0'),(32217,26,23,735,'0'),(32218,26,23,736,'0'),(32219,26,23,737,'296'),(32220,26,23,738,'0'),(32221,26,23,739,'2'),(32222,26,23,740,'182'),(32223,26,23,741,'1'),(32224,26,23,742,'55'),(32225,26,23,743,'0'),(32226,26,23,744,'2'),(32227,26,23,745,'0'),(32228,26,23,746,'28'),(32229,26,23,747,'9'),(32230,26,23,748,'0'),(32231,26,23,749,'0'),(32232,26,23,750,'1'),(32233,26,23,751,'0'),(32234,26,23,752,'13'),(32235,26,23,753,'1'),(32236,26,23,754,'0'),(32237,26,23,755,'0'),(32238,26,23,756,'0'),(32239,26,23,757,'8'),(32240,26,24,711,'24'),(32241,26,24,712,'34'),(32242,26,24,713,'36'),(32243,26,24,714,'42'),(32244,26,24,715,'2'),(32245,26,24,716,'1'),(32246,26,24,717,'1'),(32247,26,24,718,'4'),(32248,26,24,719,'0'),(32249,26,24,720,'2'),(32250,26,24,721,'9'),(32251,26,24,722,'0'),(32252,26,24,723,'0'),(32253,26,24,724,'0'),(32254,26,24,725,'0'),(32255,26,24,726,'1'),(32256,26,24,727,'0'),(32257,26,24,728,'32'),(32258,26,24,729,'108'),(32259,26,24,730,'1'),(32260,26,24,731,'0'),(32261,26,24,732,'1'),(32262,26,24,733,'34'),(32263,26,24,734,'0'),(32264,26,24,735,'0'),(32265,26,24,736,'1'),(32266,26,24,737,'447'),(32267,26,24,738,'0'),(32268,26,24,739,'9'),(32269,26,24,740,'196'),(32270,26,24,741,'0'),(32271,26,24,742,'32'),(32272,26,24,743,'2'),(32273,26,24,744,'5'),(32274,26,24,745,'0'),(32275,26,24,746,'41'),(32276,26,24,747,'8'),(32277,26,24,748,'2'),(32278,26,24,749,'0'),(32279,26,24,750,'0'),(32280,26,24,751,'0'),(32281,26,24,752,'13'),(32282,26,24,753,'2'),(32283,26,24,754,'0'),(32284,26,24,755,'0'),(32285,26,24,756,'0'),(32286,26,24,757,'0'),(32287,26,25,711,'25'),(32288,26,25,712,'36'),(32289,26,25,713,'38'),(32290,26,25,714,'51'),(32291,26,25,715,'2'),(32292,26,25,716,'1'),(32293,26,25,717,'0'),(32294,26,25,718,'4'),(32295,26,25,719,'0'),(32296,26,25,720,'5'),(32297,26,25,721,'6'),(32298,26,25,722,'0'),(32299,26,25,723,'0'),(32300,26,25,724,'0'),(32301,26,25,725,'0'),(32302,26,25,726,'4'),(32303,26,25,727,'0'),(32304,26,25,728,'31'),(32305,26,25,729,'86'),(32306,26,25,730,'0'),(32307,26,25,731,'0'),(32308,26,25,732,'3'),(32309,26,25,733,'19'),(32310,26,25,734,'0'),(32311,26,25,735,'0'),(32312,26,25,736,'0'),(32313,26,25,737,'216'),(32314,26,25,738,'0'),(32315,26,25,739,'11'),(32316,26,25,740,'190'),(32317,26,25,741,'0'),(32318,26,25,742,'34'),(32319,26,25,743,'1'),(32320,26,25,744,'2'),(32321,26,25,745,'0'),(32322,26,25,746,'39'),(32323,26,25,747,'16'),(32324,26,25,748,'0'),(32325,26,25,749,'0'),(32326,26,25,750,'0'),(32327,26,25,751,'0'),(32328,26,25,752,'10'),(32329,26,25,753,'0'),(32330,26,25,754,'0'),(32331,26,25,755,'0'),(32332,26,25,756,'0'),(32333,26,25,757,'2'),(32334,26,26,711,'26'),(32335,26,26,712,'38'),(32336,26,26,713,'40'),(32337,26,26,714,'39'),(32338,26,26,715,'0'),(32339,26,26,716,'5'),(32340,26,26,717,'2'),(32341,26,26,718,'5'),(32342,26,26,719,'1'),(32343,26,26,720,'2'),(32344,26,26,721,'5'),(32345,26,26,722,'0'),(32346,26,26,723,'0'),(32347,26,26,724,'3'),(32348,26,26,725,'0'),(32349,26,26,726,'1'),(32350,26,26,727,'0'),(32351,26,26,728,'26'),(32352,26,26,729,'78'),(32353,26,26,730,'0'),(32354,26,26,731,'0'),(32355,26,26,732,'1'),(32356,26,26,733,'27'),(32357,26,26,734,'0'),(32358,26,26,735,'1'),(32359,26,26,736,'0'),(32360,26,26,737,'274'),(32361,26,26,738,'0'),(32362,26,26,739,'16'),(32363,26,26,740,'221'),(32364,26,26,741,'0'),(32365,26,26,742,'28'),(32366,26,26,743,'0'),(32367,26,26,744,'4'),(32368,26,26,745,'0'),(32369,26,26,746,'31'),(32370,26,26,747,'10'),(32371,26,26,748,'3'),(32372,26,26,749,'0'),(32373,26,26,750,'0'),(32374,26,26,751,'0'),(32375,26,26,752,'9'),(32376,26,26,753,'0'),(32377,26,26,754,'0'),(32378,26,26,755,'0'),(32379,26,26,756,'0'),(32380,26,26,757,'9'),(32381,26,27,711,'27'),(32382,26,27,712,'40'),(32383,26,27,713,'42'),(32384,26,27,714,'50'),(32385,26,27,715,'3'),(32386,26,27,716,'6'),(32387,26,27,717,'1'),(32388,26,27,718,'2'),(32389,26,27,719,'0'),(32390,26,27,720,'1'),(32391,26,27,721,'5'),(32392,26,27,722,'0'),(32393,26,27,723,'0'),(32394,26,27,724,'0'),(32395,26,27,725,'0'),(32396,26,27,726,'7'),(32397,26,27,727,'0'),(32398,26,27,728,'37'),(32399,26,27,729,'90'),(32400,26,27,730,'0'),(32401,26,27,731,'0'),(32402,26,27,732,'1'),(32403,26,27,733,'14'),(32404,26,27,734,'0'),(32405,26,27,735,'0'),(32406,26,27,736,'0'),(32407,26,27,737,'406'),(32408,26,27,738,'0'),(32409,26,27,739,'14'),(32410,26,27,740,'206'),(32411,26,27,741,'0'),(32412,26,27,742,'16'),(32413,26,27,743,'1'),(32414,26,27,744,'0'),(32415,26,27,745,'0'),(32416,26,27,746,'36'),(32417,26,27,747,'6'),(32418,26,27,748,'7'),(32419,26,27,749,'0'),(32420,26,27,750,'0'),(32421,26,27,751,'0'),(32422,26,27,752,'16'),(32423,26,27,753,'0'),(32424,26,27,754,'0'),(32425,26,27,755,'0'),(32426,26,27,756,'0'),(32427,26,27,757,'5'),(32428,26,28,711,'28'),(32429,26,28,712,'42'),(32430,26,28,713,'44'),(32431,26,28,714,'42'),(32432,26,28,715,'3'),(32433,26,28,716,'5'),(32434,26,28,717,'3'),(32435,26,28,718,'3'),(32436,26,28,719,'0'),(32437,26,28,720,'2'),(32438,26,28,721,'13'),(32439,26,28,722,'0'),(32440,26,28,723,'0'),(32441,26,28,724,'0'),(32442,26,28,725,'1'),(32443,26,28,726,'3'),(32444,26,28,727,'0'),(32445,26,28,728,'37'),(32446,26,28,729,'96'),(32447,26,28,730,'0'),(32448,26,28,731,'0'),(32449,26,28,732,'0'),(32450,26,28,733,'25'),(32451,26,28,734,'0'),(32452,26,28,735,'0'),(32453,26,28,736,'0'),(32454,26,28,737,'452'),(32455,26,28,738,'0'),(32456,26,28,739,'19'),(32457,26,28,740,'182'),(32458,26,28,741,'0'),(32459,26,28,742,'18'),(32460,26,28,743,'0'),(32461,26,28,744,'1'),(32462,26,28,745,'0'),(32463,26,28,746,'50'),(32464,26,28,747,'11'),(32465,26,28,748,'6'),(32466,26,28,749,'0'),(32467,26,28,750,'0'),(32468,26,28,751,'0'),(32469,26,28,752,'22'),(32470,26,28,753,'1'),(32471,26,28,754,'0'),(32472,26,28,755,'0'),(32473,26,28,756,'0'),(32474,26,28,757,'12'),(32475,26,29,711,'29'),(32476,26,29,712,'43'),(32477,26,29,713,'45'),(32478,26,29,714,'58'),(32479,26,29,715,'3'),(32480,26,29,716,'4'),(32481,26,29,717,'1'),(32482,26,29,718,'3'),(32483,26,29,719,'1'),(32484,26,29,720,'0'),(32485,26,29,721,'4'),(32486,26,29,722,'1'),(32487,26,29,723,'0'),(32488,26,29,724,'0'),(32489,26,29,725,'0'),(32490,26,29,726,'2'),(32491,26,29,727,'0'),(32492,26,29,728,'18'),(32493,26,29,729,'123'),(32494,26,29,730,'0'),(32495,26,29,731,'0'),(32496,26,29,732,'0'),(32497,26,29,733,'15'),(32498,26,29,734,'0'),(32499,26,29,735,'0'),(32500,26,29,736,'1'),(32501,26,29,737,'527'),(32502,26,29,738,'0'),(32503,26,29,739,'0'),(32504,26,29,740,'204'),(32505,26,29,741,'1'),(32506,26,29,742,'23'),(32507,26,29,743,'0'),(32508,26,29,744,'1'),(32509,26,29,745,'0'),(32510,26,29,746,'45'),(32511,26,29,747,'10'),(32512,26,29,748,'4'),(32513,26,29,749,'0'),(32514,26,29,750,'0'),(32515,26,29,751,'0'),(32516,26,29,752,'12'),(32517,26,29,753,'0'),(32518,26,29,754,'0'),(32519,26,29,755,'0'),(32520,26,29,756,'0'),(32521,26,29,757,'1'),(32522,26,30,711,'30'),(32523,26,30,712,'44'),(32524,26,30,713,'46'),(32525,26,30,714,'51'),(32526,26,30,715,'0'),(32527,26,30,716,'3'),(32528,26,30,717,'0'),(32529,26,30,718,'4'),(32530,26,30,719,'0'),(32531,26,30,720,'0'),(32532,26,30,721,'3'),(32533,26,30,722,'0'),(32534,26,30,723,'0'),(32535,26,30,724,'0'),(32536,26,30,725,'0'),(32537,26,30,726,'44'),(32538,26,30,727,'0'),(32539,26,30,728,'28'),(32540,26,30,729,'91'),(32541,26,30,730,'0'),(32542,26,30,731,'0'),(32543,26,30,732,'3'),(32544,26,30,733,'20'),(32545,26,30,734,'0'),(32546,26,30,735,'0'),(32547,26,30,736,'0'),(32548,26,30,737,'262'),(32549,26,30,738,'0'),(32550,26,30,739,'5'),(32551,26,30,740,'176'),(32552,26,30,741,'3'),(32553,26,30,742,'16'),(32554,26,30,743,'0'),(32555,26,30,744,'2'),(32556,26,30,745,'0'),(32557,26,30,746,'41'),(32558,26,30,747,'8'),(32559,26,30,748,'2'),(32560,26,30,749,'0'),(32561,26,30,750,'0'),(32562,26,30,751,'0'),(32563,26,30,752,'11'),(32564,26,30,753,'0'),(32565,26,30,754,'0'),(32566,26,30,755,'0'),(32567,26,30,756,'0'),(32568,26,30,757,'1'),(32569,26,31,711,'31'),(32570,26,31,712,'46'),(32571,26,31,713,'48'),(32572,26,31,714,'49'),(32573,26,31,715,'1'),(32574,26,31,716,'3'),(32575,26,31,717,'0'),(32576,26,31,718,'3'),(32577,26,31,719,'0'),(32578,26,31,720,'1'),(32579,26,31,721,'4'),(32580,26,31,722,'0'),(32581,26,31,723,'0'),(32582,26,31,724,'0'),(32583,26,31,725,'1'),(32584,26,31,726,'1'),(32585,26,31,727,'0'),(32586,26,31,728,'25'),(32587,26,31,729,'169'),(32588,26,31,730,'0'),(32589,26,31,731,'0'),(32590,26,31,732,'0'),(32591,26,31,733,'20'),(32592,26,31,734,'0'),(32593,26,31,735,'0'),(32594,26,31,736,'0'),(32595,26,31,737,'368'),(32596,26,31,738,'0'),(32597,26,31,739,'0'),(32598,26,31,740,'221'),(32599,26,31,741,'0'),(32600,26,31,742,'41'),(32601,26,31,743,'0'),(32602,26,31,744,'1'),(32603,26,31,745,'0'),(32604,26,31,746,'28'),(32605,26,31,747,'3'),(32606,26,31,748,'4'),(32607,26,31,749,'0'),(32608,26,31,750,'0'),(32609,26,31,751,'0'),(32610,26,31,752,'13'),(32611,26,31,753,'1'),(32612,26,31,754,'0'),(32613,26,31,755,'0'),(32614,26,31,756,'0'),(32615,26,31,757,'2'),(32616,26,32,711,'32'),(32617,26,32,712,'47.9'),(32618,26,32,713,'64'),(32619,26,32,714,'41'),(32620,26,32,715,'0'),(32621,26,32,716,'0'),(32622,26,32,717,'3'),(32623,26,32,718,'39'),(32624,26,32,719,'4'),(32625,26,32,720,'1'),(32626,26,32,721,'19'),(32627,26,32,722,'0'),(32628,26,32,723,'0'),(32629,26,32,724,'0'),(32630,26,32,725,'0'),(32631,26,32,726,'0'),(32632,26,32,727,'0'),(32633,26,32,728,'12'),(32634,26,32,729,'98'),(32635,26,32,730,'0'),(32636,26,32,731,'0'),(32637,26,32,732,'0'),(32638,26,32,733,'10'),(32639,26,32,734,'0'),(32640,26,32,735,'1'),(32641,26,32,736,'0'),(32642,26,32,737,'142'),(32643,26,32,738,'0'),(32644,26,32,739,'0'),(32645,26,32,740,'185'),(32646,26,32,741,'3'),(32647,26,32,742,'37'),(32648,26,32,743,'0'),(32649,26,32,744,'5'),(32650,26,32,745,'0'),(32651,26,32,746,'37'),(32652,26,32,747,'12'),(32653,26,32,748,'2'),(32654,26,32,749,'0'),(32655,26,32,750,'0'),(32656,26,32,751,'0'),(32657,26,32,752,'1'),(32658,26,32,753,'0'),(32659,26,32,754,'0'),(32660,26,32,755,'0'),(32661,26,32,756,'0'),(32662,26,32,757,'2'),(32663,26,33,711,'33'),(32664,26,33,712,'48'),(32665,26,33,713,'50'),(32666,26,33,714,'54'),(32667,26,33,715,'1'),(32668,26,33,716,'1'),(32669,26,33,717,'1'),(32670,26,33,718,'4'),(32671,26,33,719,'0'),(32672,26,33,720,'1'),(32673,26,33,721,'2'),(32674,26,33,722,'0'),(32675,26,33,723,'0'),(32676,26,33,724,'0'),(32677,26,33,725,'0'),(32678,26,33,726,'3'),(32679,26,33,727,'0'),(32680,26,33,728,'38'),(32681,26,33,729,'104'),(32682,26,33,730,'0'),(32683,26,33,731,'0'),(32684,26,33,732,'0'),(32685,26,33,733,'19'),(32686,26,33,734,'0'),(32687,26,33,735,'0'),(32688,26,33,736,'0'),(32689,26,33,737,'289'),(32690,26,33,738,'0'),(32691,26,33,739,'11'),(32692,26,33,740,'160'),(32693,26,33,741,'0'),(32694,26,33,742,'44'),(32695,26,33,743,'0'),(32696,26,33,744,'5'),(32697,26,33,745,'0'),(32698,26,33,746,'36'),(32699,26,33,747,'12'),(32700,26,33,748,'0'),(32701,26,33,749,'0'),(32702,26,33,750,'0'),(32703,26,33,751,'0'),(32704,26,33,752,'7'),(32705,26,33,753,'0'),(32706,26,33,754,'0'),(32707,26,33,755,'0'),(32708,26,33,756,'0'),(32709,26,33,757,'4'),(32710,26,34,711,'34'),(32711,26,34,712,'50.5'),(32712,26,34,713,'66'),(32713,26,34,714,'34'),(32714,26,34,715,'1'),(32715,26,34,716,'2'),(32716,26,34,717,'0'),(32717,26,34,718,'34'),(32718,26,34,719,'0'),(32719,26,34,720,'3'),(32720,26,34,721,'24'),(32721,26,34,722,'0'),(32722,26,34,723,'0'),(32723,26,34,724,'0'),(32724,26,34,725,'0'),(32725,26,34,726,'2'),(32726,26,34,727,'0'),(32727,26,34,728,'14'),(32728,26,34,729,'94'),(32729,26,34,730,'0'),(32730,26,34,731,'0'),(32731,26,34,732,'0'),(32732,26,34,733,'8'),(32733,26,34,734,'0'),(32734,26,34,735,'0'),(32735,26,34,736,'0'),(32736,26,34,737,'80'),(32737,26,34,738,'0'),(32738,26,34,739,'0'),(32739,26,34,740,'196'),(32740,26,34,741,'0'),(32741,26,34,742,'44'),(32742,26,34,743,'0'),(32743,26,34,744,'4'),(32744,26,34,745,'0'),(32745,26,34,746,'41'),(32746,26,34,747,'17'),(32747,26,34,748,'1'),(32748,26,34,749,'0'),(32749,26,34,750,'0'),(32750,26,34,751,'0'),(32751,26,34,752,'0'),(32752,26,34,753,'0'),(32753,26,34,754,'0'),(32754,26,34,755,'0'),(32755,26,34,756,'0'),(32756,26,34,757,'1'),(32757,26,35,711,'35'),(32758,26,35,712,'54.6'),(32759,26,35,713,'69'),(32760,26,35,714,'22'),(32761,26,35,715,'0'),(32762,26,35,716,'2'),(32763,26,35,717,'1'),(32764,26,35,718,'5'),(32765,26,35,719,'0'),(32766,26,35,720,'0'),(32767,26,35,721,'10'),(32768,26,35,722,'0'),(32769,26,35,723,'0'),(32770,26,35,724,'0'),(32771,26,35,725,'0'),(32772,26,35,726,'0'),(32773,26,35,727,'0'),(32774,26,35,728,'36'),(32775,26,35,729,'205'),(32776,26,35,730,'0'),(32777,26,35,731,'0'),(32778,26,35,732,'0'),(32779,26,35,733,'4'),(32780,26,35,734,'0'),(32781,26,35,735,'0'),(32782,26,35,736,'0'),(32783,26,35,737,'148'),(32784,26,35,738,'0'),(32785,26,35,739,'0'),(32786,26,35,740,'229'),(32787,26,35,741,'0'),(32788,26,35,742,'46'),(32789,26,35,743,'0'),(32790,26,35,744,'2'),(32791,26,35,745,'0'),(32792,26,35,746,'42'),(32793,26,35,747,'8'),(32794,26,35,748,'3'),(32795,26,35,749,'1'),(32796,26,35,750,'0'),(32797,26,35,751,'0'),(32798,26,35,752,'0'),(32799,26,35,753,'1'),(32800,26,35,754,'0'),(32801,26,35,755,'0'),(32802,26,35,756,'0'),(32803,26,35,757,'0'),(32804,26,36,711,'36'),(32805,26,36,712,'57.3'),(32806,26,36,713,'71'),(32807,26,36,714,'31'),(32808,26,36,715,'2'),(32809,26,36,716,'4'),(32810,26,36,717,'2'),(32811,26,36,718,'2'),(32812,26,36,719,'1'),(32813,26,36,720,'1'),(32814,26,36,721,'5'),(32815,26,36,722,'0'),(32816,26,36,723,'0'),(32817,26,36,724,'0'),(32818,26,36,725,'0'),(32819,26,36,726,'1'),(32820,26,36,727,'0'),(32821,26,36,728,'25'),(32822,26,36,729,'260'),(32823,26,36,730,'0'),(32824,26,36,731,'0'),(32825,26,36,732,'1'),(32826,26,36,733,'9'),(32827,26,36,734,'0'),(32828,26,36,735,'0'),(32829,26,36,736,'0'),(32830,26,36,737,'219'),(32831,26,36,738,'0'),(32832,26,36,739,'10'),(32833,26,36,740,'205'),(32834,26,36,741,'0'),(32835,26,36,742,'68'),(32836,26,36,743,'0'),(32837,26,36,744,'1'),(32838,26,36,745,'0'),(32839,26,36,746,'70'),(32840,26,36,747,'4'),(32841,26,36,748,'3'),(32842,26,36,749,'0'),(32843,26,36,750,'0'),(32844,26,36,751,'0'),(32845,26,36,752,'0'),(32846,26,36,753,'2'),(32847,26,36,754,'0'),(32848,26,36,755,'0'),(32849,26,36,756,'0'),(32850,26,36,757,'0'),(32851,26,37,711,'37'),(32852,26,37,712,'61.3'),(32853,26,37,713,'74'),(32854,26,37,714,'24'),(32855,26,37,715,'1'),(32856,26,37,716,'2'),(32857,26,37,717,'0'),(32858,26,37,718,'1'),(32859,26,37,719,'1'),(32860,26,37,720,'1'),(32861,26,37,721,'8'),(32862,26,37,722,'0'),(32863,26,37,723,'0'),(32864,26,37,724,'0'),(32865,26,37,725,'0'),(32866,26,37,726,'0'),(32867,26,37,727,'0'),(32868,26,37,728,'37'),(32869,26,37,729,'165'),(32870,26,37,730,'0'),(32871,26,37,731,'0'),(32872,26,37,732,'0'),(32873,26,37,733,'6'),(32874,26,37,734,'0'),(32875,26,37,735,'0'),(32876,26,37,736,'0'),(32877,26,37,737,'270'),(32878,26,37,738,'0'),(32879,26,37,739,'12'),(32880,26,37,740,'237'),(32881,26,37,741,'0'),(32882,26,37,742,'32'),(32883,26,37,743,'0'),(32884,26,37,744,'1'),(32885,26,37,745,'0'),(32886,26,37,746,'37'),(32887,26,37,747,'11'),(32888,26,37,748,'1'),(32889,26,37,749,'0'),(32890,26,37,750,'0'),(32891,26,37,751,'0'),(32892,26,37,752,'0'),(32893,26,37,753,'0'),(32894,26,37,754,'0'),(32895,26,37,755,'0'),(32896,26,37,756,'0'),(32897,26,37,757,'0'),(32898,26,38,711,'38'),(32899,26,38,712,'63.9'),(32900,26,38,713,'76'),(32901,26,38,714,'32'),(32902,26,38,715,'3'),(32903,26,38,716,'6'),(32904,26,38,717,'0'),(32905,26,38,718,'0'),(32906,26,38,719,'0'),(32907,26,38,720,'0'),(32908,26,38,721,'6'),(32909,26,38,722,'0'),(32910,26,38,723,'0'),(32911,26,38,724,'0'),(32912,26,38,725,'0'),(32913,26,38,726,'4'),(32914,26,38,727,'0'),(32915,26,38,728,'17'),(32916,26,38,729,'114'),(32917,26,38,730,'0'),(32918,26,38,731,'0'),(32919,26,38,732,'0'),(32920,26,38,733,'6'),(32921,26,38,734,'0'),(32922,26,38,735,'0'),(32923,26,38,736,'0'),(32924,26,38,737,'132'),(32925,26,38,738,'0'),(32926,26,38,739,'0'),(32927,26,38,740,'238'),(32928,26,38,741,'0'),(32929,26,38,742,'47'),(32930,26,38,743,'0'),(32931,26,38,744,'2'),(32932,26,38,745,'0'),(32933,26,38,746,'30'),(32934,26,38,747,'11'),(32935,26,38,748,'2'),(32936,26,38,749,'0'),(32937,26,38,750,'0'),(32938,26,38,751,'0'),(32939,26,38,752,'0'),(32940,26,38,753,'0'),(32941,26,38,754,'0'),(32942,26,38,755,'0'),(32943,26,38,756,'0'),(32944,26,38,757,'0'),(32945,26,39,711,'39'),(32946,26,39,712,'68'),(32947,26,39,713,'79'),(32948,26,39,714,'40'),(32949,26,39,715,'1'),(32950,26,39,716,'4'),(32951,26,39,717,'0'),(32952,26,39,718,'0'),(32953,26,39,719,'0'),(32954,26,39,720,'2'),(32955,26,39,721,'6'),(32956,26,39,722,'0'),(32957,26,39,723,'0'),(32958,26,39,724,'0'),(32959,26,39,725,'0'),(32960,26,39,726,'1'),(32961,26,39,727,'0'),(32962,26,39,728,'17'),(32963,26,39,729,'218'),(32964,26,39,730,'0'),(32965,26,39,731,'0'),(32966,26,39,732,'5'),(32967,26,39,733,'10'),(32968,26,39,734,'0'),(32969,26,39,735,'0'),(32970,26,39,736,'0'),(32971,26,39,737,'315'),(32972,26,39,738,'0'),(32973,26,39,739,'0'),(32974,26,39,740,'163'),(32975,26,39,741,'0'),(32976,26,39,742,'95'),(32977,26,39,743,'0'),(32978,26,39,744,'0'),(32979,26,39,745,'0'),(32980,26,39,746,'37'),(32981,26,39,747,'11'),(32982,26,39,748,'1'),(32983,26,39,749,'0'),(32984,26,39,750,'0'),(32985,26,39,751,'0'),(32986,26,39,752,'0'),(32987,26,39,753,'0'),(32988,26,39,754,'0'),(32989,26,39,755,'0'),(32990,26,39,756,'0'),(32991,26,39,757,'0'),(32992,26,40,711,'40'),(32993,26,40,712,'70.7'),(32994,26,40,713,'81'),(32995,26,40,714,'62'),(32996,26,40,715,'2'),(32997,26,40,716,'4'),(32998,26,40,717,'1'),(32999,26,40,718,'1'),(33000,26,40,719,'0'),(33001,26,40,720,'1'),(33002,26,40,721,'6'),(33003,26,40,722,'0'),(33004,26,40,723,'0'),(33005,26,40,724,'0'),(33006,26,40,725,'0'),(33007,26,40,726,'3'),(33008,26,40,727,'0'),(33009,26,40,728,'21'),(33010,26,40,729,'193'),(33011,26,40,730,'0'),(33012,26,40,731,'0'),(33013,26,40,732,'4'),(33014,26,40,733,'14'),(33015,26,40,734,'0'),(33016,26,40,735,'0'),(33017,26,40,736,'0'),(33018,26,40,737,'234'),(33019,26,40,738,'0'),(33020,26,40,739,'0'),(33021,26,40,740,'170'),(33022,26,40,741,'0'),(33023,26,40,742,'56'),(33024,26,40,743,'0'),(33025,26,40,744,'0'),(33026,26,40,745,'0'),(33027,26,40,746,'49'),(33028,26,40,747,'38'),(33029,26,40,748,'4'),(33030,26,40,749,'0'),(33031,26,40,750,'0'),(33032,26,40,751,'0'),(33033,26,40,752,'5'),(33034,26,40,753,'0'),(33035,26,40,754,'0'),(33036,26,40,755,'0'),(33037,26,40,756,'0'),(33038,26,40,757,'0'),(33039,26,41,711,'41'),(33040,26,41,712,'75'),(33041,26,41,713,'87'),(33042,26,41,714,'52'),(33043,26,41,715,'1'),(33044,26,41,716,'6'),(33045,26,41,717,'1'),(33046,26,41,718,'8'),(33047,26,41,719,'0'),(33048,26,41,720,'1'),(33049,26,41,721,'5'),(33050,26,41,722,'0'),(33051,26,41,723,'0'),(33052,26,41,724,'0'),(33053,26,41,725,'0'),(33054,26,41,726,'1'),(33055,26,41,727,'0'),(33056,26,41,728,'28'),(33057,26,41,729,'145'),(33058,26,41,730,'0'),(33059,26,41,731,'0'),(33060,26,41,732,'2'),(33061,26,41,733,'12'),(33062,26,41,734,'0'),(33063,26,41,735,'0'),(33064,26,41,736,'0'),(33065,26,41,737,'363'),(33066,26,41,738,'0'),(33067,26,41,739,'0'),(33068,26,41,740,'248'),(33069,26,41,741,'0'),(33070,26,41,742,'48'),(33071,26,41,743,'0'),(33072,26,41,744,'0'),(33073,26,41,745,'0'),(33074,26,41,746,'42'),(33075,26,41,747,'18'),(33076,26,41,748,'15'),(33077,26,41,749,'0'),(33078,26,41,750,'0'),(33079,26,41,751,'0'),(33080,26,41,752,'0'),(33081,26,41,753,'0'),(33082,26,41,754,'0'),(33083,26,41,755,'0'),(33084,26,41,756,'0'),(33085,26,41,757,'0'),(33086,26,42,711,'42'),(33087,26,42,712,'78.1'),(33088,26,42,713,'90'),(33089,26,42,714,'27'),(33090,26,42,715,'2'),(33091,26,42,716,'7'),(33092,26,42,717,'1'),(33093,26,42,718,'2'),(33094,26,42,719,'0'),(33095,26,42,720,'1'),(33096,26,42,721,'8'),(33097,26,42,722,'0'),(33098,26,42,723,'0'),(33099,26,42,724,'0'),(33100,26,42,725,'1'),(33101,26,42,726,'0'),(33102,26,42,727,'0'),(33103,26,42,728,'28'),(33104,26,42,729,'66'),(33105,26,42,730,'0'),(33106,26,42,731,'0'),(33107,26,42,732,'0'),(33108,26,42,733,'4'),(33109,26,42,734,'0'),(33110,26,42,735,'0'),(33111,26,42,736,'0'),(33112,26,42,737,'472'),(33113,26,42,738,'0'),(33114,26,42,739,'3'),(33115,26,42,740,'178'),(33116,26,42,741,'0'),(33117,26,42,742,'78'),(33118,26,42,743,'0'),(33119,26,42,744,'3'),(33120,26,42,745,'0'),(33121,26,42,746,'34'),(33122,26,42,747,'11'),(33123,26,42,748,'35'),(33124,26,42,749,'0'),(33125,26,42,750,'0'),(33126,26,42,751,'0'),(33127,26,42,752,'0'),(33128,26,42,753,'0'),(33129,26,42,754,'0'),(33130,26,42,755,'0'),(33131,26,42,756,'0'),(33132,26,42,757,'2'),(33133,26,43,711,'43'),(33134,26,43,712,'82.2'),(33135,26,43,713,'94'),(33136,26,43,714,'14'),(33137,26,43,715,'4'),(33138,26,43,716,'7'),(33139,26,43,717,'1'),(33140,26,43,718,'4'),(33141,26,43,719,'0'),(33142,26,43,720,'0'),(33143,26,43,721,'8'),(33144,26,43,722,'0'),(33145,26,43,723,'0'),(33146,26,43,724,'0'),(33147,26,43,725,'0'),(33148,26,43,726,'0'),(33149,26,43,727,'0'),(33150,26,43,728,'24'),(33151,26,43,729,'23'),(33152,26,43,730,'0'),(33153,26,43,731,'0'),(33154,26,43,732,'1'),(33155,26,43,733,'13'),(33156,26,43,734,'6'),(33157,26,43,735,'0'),(33158,26,43,736,'0'),(33159,26,43,737,'573'),(33160,26,43,738,'0'),(33161,26,43,739,'1'),(33162,26,43,740,'137'),(33163,26,43,741,'0'),(33164,26,43,742,'141'),(33165,26,43,743,'1'),(33166,26,43,744,'0'),(33167,26,43,745,'0'),(33168,26,43,746,'40'),(33169,26,43,747,'12'),(33170,26,43,748,'4'),(33171,26,43,749,'0'),(33172,26,43,750,'0'),(33173,26,43,751,'0'),(33174,26,43,752,'0'),(33175,26,43,753,'2'),(33176,26,43,754,'0'),(33177,26,43,755,'0'),(33178,26,43,756,'0'),(33179,26,43,757,'6'),(33180,26,44,711,'44'),(33181,26,44,712,'113.8'),(33182,26,44,713,'125'),(33183,26,44,714,'52'),(33184,26,44,715,'2'),(33185,26,44,716,'4'),(33186,26,44,717,'1'),(33187,26,44,718,'3'),(33188,26,44,719,'0'),(33189,26,44,720,'0'),(33190,26,44,721,'10'),(33191,26,44,722,'0'),(33192,26,44,723,'0'),(33193,26,44,724,'0'),(33194,26,44,725,'1'),(33195,26,44,726,'1'),(33196,26,44,727,'0'),(33197,26,44,728,'28'),(33198,26,44,729,'153'),(33199,26,44,730,'0'),(33200,26,44,731,'0'),(33201,26,44,732,'0'),(33202,26,44,733,'6'),(33203,26,44,734,'0'),(33204,26,44,735,'0'),(33205,26,44,736,'0'),(33206,26,44,737,'210'),(33207,26,44,738,'1'),(33208,26,44,739,'0'),(33209,26,44,740,'266'),(33210,26,44,741,'0'),(33211,26,44,742,'19'),(33212,26,44,743,'0'),(33213,26,44,744,'7'),(33214,26,44,745,'0'),(33215,26,44,746,'38'),(33216,26,44,747,'7'),(33217,26,44,748,'2'),(33218,26,44,749,'0'),(33219,26,44,750,'0'),(33220,26,44,751,'0'),(33221,26,44,752,'3'),(33222,26,44,753,'0'),(33223,26,44,754,'0'),(33224,26,44,755,'0'),(33225,26,44,756,'0'),(33226,26,44,757,'0'),(33227,27,1,758,'1'),(33228,27,1,759,'0'),(33229,27,1,760,'2'),(33230,27,1,761,'114'),(33231,27,1,762,'0'),(33232,27,1,763,'3'),(33233,27,1,764,'2'),(33234,27,1,765,'0'),(33235,27,1,766,'0'),(33236,27,1,767,'1'),(33237,27,1,768,'6'),(33238,27,1,769,'0'),(33239,27,1,770,'1'),(33240,27,1,771,'0'),(33241,27,1,772,'0'),(33242,27,1,773,'1'),(33243,27,1,774,'0'),(33244,27,1,775,'27'),(33245,27,1,776,'186'),(33246,27,1,777,'0'),(33247,27,1,778,'0'),(33248,27,1,779,'5'),(33249,27,1,780,'19'),(33250,27,1,781,'1'),(33251,27,1,782,'0'),(33252,27,1,783,'0'),(33253,27,1,784,'404'),(33254,27,1,785,'1'),(33255,27,1,786,'0'),(33256,27,1,787,'105'),(33257,27,1,788,'0'),(33258,27,1,789,'23'),(33259,27,1,790,'0'),(33260,27,1,791,'0'),(33261,27,1,792,'0'),(33262,27,1,793,'93'),(33263,27,1,794,'9'),(33264,27,1,795,'2'),(33265,27,1,796,'0'),(33266,27,1,797,'0'),(33267,27,1,798,'0'),(33268,27,1,799,'3'),(33269,27,1,800,'0'),(33270,27,1,801,'0'),(33271,27,1,802,'0'),(33272,27,1,803,'0'),(33273,27,1,804,'4'),(33274,27,2,758,'2'),(33275,27,2,759,'1'),(33276,27,2,760,'3'),(33277,27,2,761,'73'),(33278,27,2,762,'1'),(33279,27,2,763,'2'),(33280,27,2,764,'0'),(33281,27,2,765,'1'),(33282,27,2,766,'1'),(33283,27,2,767,'1'),(33284,27,2,768,'2'),(33285,27,2,769,'0'),(33286,27,2,770,'0'),(33287,27,2,771,'0'),(33288,27,2,772,'0'),(33289,27,2,773,'2'),(33290,27,2,774,'0'),(33291,27,2,775,'30'),(33292,27,2,776,'148'),(33293,27,2,777,'0'),(33294,27,2,778,'0'),(33295,27,2,779,'1'),(33296,27,2,780,'12'),(33297,27,2,781,'0'),(33298,27,2,782,'0'),(33299,27,2,783,'0'),(33300,27,2,784,'489'),(33301,27,2,785,'1'),(33302,27,2,786,'0'),(33303,27,2,787,'132'),(33304,27,2,788,'0'),(33305,27,2,789,'40'),(33306,27,2,790,'0'),(33307,27,2,791,'3'),(33308,27,2,792,'0'),(33309,27,2,793,'90'),(33310,27,2,794,'5'),(33311,27,2,795,'1'),(33312,27,2,796,'0'),(33313,27,2,797,'0'),(33314,27,2,798,'0'),(33315,27,2,799,'2'),(33316,27,2,800,'1'),(33317,27,2,801,'0'),(33318,27,2,802,'0'),(33319,27,2,803,'0'),(33320,27,2,804,'4'),(33321,27,3,758,'3'),(33322,27,3,759,'3'),(33323,27,3,760,'5'),(33324,27,3,761,'102'),(33325,27,3,762,'2'),(33326,27,3,763,'2'),(33327,27,3,764,'2'),(33328,27,3,765,'2'),(33329,27,3,766,'0'),(33330,27,3,767,'2'),(33331,27,3,768,'2'),(33332,27,3,769,'0'),(33333,27,3,770,'0'),(33334,27,3,771,'0'),(33335,27,3,772,'0'),(33336,27,3,773,'3'),(33337,27,3,774,'0'),(33338,27,3,775,'25'),(33339,27,3,776,'143'),(33340,27,3,777,'0'),(33341,27,3,778,'0'),(33342,27,3,779,'4'),(33343,27,3,780,'14'),(33344,27,3,781,'0'),(33345,27,3,782,'0'),(33346,27,3,783,'1'),(33347,27,3,784,'361'),(33348,27,3,785,'0'),(33349,27,3,786,'1'),(33350,27,3,787,'121'),(33351,27,3,788,'0'),(33352,27,3,789,'37'),(33353,27,3,790,'0'),(33354,27,3,791,'5'),(33355,27,3,792,'0'),(33356,27,3,793,'68'),(33357,27,3,794,'9'),(33358,27,3,795,'4'),(33359,27,3,796,'0'),(33360,27,3,797,'0'),(33361,27,3,798,'0'),(33362,27,3,799,'3'),(33363,27,3,800,'0'),(33364,27,3,801,'0'),(33365,27,3,802,'0'),(33366,27,3,803,'0'),(33367,27,3,804,'2'),(33368,27,4,758,'4'),(33369,27,4,759,'4'),(33370,27,4,760,'6'),(33371,27,4,761,'70'),(33372,27,4,762,'0'),(33373,27,4,763,'0'),(33374,27,4,764,'0'),(33375,27,4,765,'2'),(33376,27,4,766,'0'),(33377,27,4,767,'0'),(33378,27,4,768,'3'),(33379,27,4,769,'0'),(33380,27,4,770,'0'),(33381,27,4,771,'0'),(33382,27,4,772,'0'),(33383,27,4,773,'1'),(33384,27,4,774,'0'),(33385,27,4,775,'57'),(33386,27,4,776,'116'),(33387,27,4,777,'0'),(33388,27,4,778,'0'),(33389,27,4,779,'3'),(33390,27,4,780,'28'),(33391,27,4,781,'0'),(33392,27,4,782,'1'),(33393,27,4,783,'0'),(33394,27,4,784,'192'),(33395,27,4,785,'0'),(33396,27,4,786,'1'),(33397,27,4,787,'124'),(33398,27,4,788,'12'),(33399,27,4,789,'38'),(33400,27,4,790,'0'),(33401,27,4,791,'3'),(33402,27,4,792,'0'),(33403,27,4,793,'64'),(33404,27,4,794,'5'),(33405,27,4,795,'4'),(33406,27,4,796,'0'),(33407,27,4,797,'0'),(33408,27,4,798,'0'),(33409,27,4,799,'0'),(33410,27,4,800,'0'),(33411,27,4,801,'0'),(33412,27,4,802,'0'),(33413,27,4,803,'0'),(33414,27,4,804,'0'),(33415,27,5,758,'5'),(33416,27,5,759,'5'),(33417,27,5,760,'7'),(33418,27,5,761,'76'),(33419,27,5,762,'1'),(33420,27,5,763,'2'),(33421,27,5,764,'3'),(33422,27,5,765,'1'),(33423,27,5,766,'0'),(33424,27,5,767,'1'),(33425,27,5,768,'2'),(33426,27,5,769,'0'),(33427,27,5,770,'0'),(33428,27,5,771,'0'),(33429,27,5,772,'0'),(33430,27,5,773,'3'),(33431,27,5,774,'1'),(33432,27,5,775,'38'),(33433,27,5,776,'147'),(33434,27,5,777,'0'),(33435,27,5,778,'0'),(33436,27,5,779,'2'),(33437,27,5,780,'15'),(33438,27,5,781,'0'),(33439,27,5,782,'0'),(33440,27,5,783,'1'),(33441,27,5,784,'348'),(33442,27,5,785,'0'),(33443,27,5,786,'0'),(33444,27,5,787,'133'),(33445,27,5,788,'0'),(33446,27,5,789,'44'),(33447,27,5,790,'0'),(33448,27,5,791,'4'),(33449,27,5,792,'0'),(33450,27,5,793,'77'),(33451,27,5,794,'6'),(33452,27,5,795,'4'),(33453,27,5,796,'0'),(33454,27,5,797,'0'),(33455,27,5,798,'0'),(33456,27,5,799,'0'),(33457,27,5,800,'0'),(33458,27,5,801,'0'),(33459,27,5,802,'0'),(33460,27,5,803,'0'),(33461,27,5,804,'2'),(33462,27,6,758,'6'),(33463,27,6,759,'6'),(33464,27,6,760,'8'),(33465,27,6,761,'58'),(33466,27,6,762,'1'),(33467,27,6,763,'0'),(33468,27,6,764,'2'),(33469,27,6,765,'3'),(33470,27,6,766,'0'),(33471,27,6,767,'1'),(33472,27,6,768,'3'),(33473,27,6,769,'0'),(33474,27,6,770,'0'),(33475,27,6,771,'0'),(33476,27,6,772,'0'),(33477,27,6,773,'2'),(33478,27,6,774,'0'),(33479,27,6,775,'41'),(33480,27,6,776,'165'),(33481,27,6,777,'0'),(33482,27,6,778,'0'),(33483,27,6,779,'3'),(33484,27,6,780,'36'),(33485,27,6,781,'0'),(33486,27,6,782,'0'),(33487,27,6,783,'0'),(33488,27,6,784,'186'),(33489,27,6,785,'0'),(33490,27,6,786,'0'),(33491,27,6,787,'129'),(33492,27,6,788,'1'),(33493,27,6,789,'53'),(33494,27,6,790,'0'),(33495,27,6,791,'3'),(33496,27,6,792,'0'),(33497,27,6,793,'44'),(33498,27,6,794,'6'),(33499,27,6,795,'5'),(33500,27,6,796,'0'),(33501,27,6,797,'0'),(33502,27,6,798,'0'),(33503,27,6,799,'1'),(33504,27,6,800,'0'),(33505,27,6,801,'0'),(33506,27,6,802,'0'),(33507,27,6,803,'0'),(33508,27,6,804,'7'),(33509,27,7,758,'7'),(33510,27,7,759,'8'),(33511,27,7,760,'10'),(33512,27,7,761,'47'),(33513,27,7,762,'3'),(33514,27,7,763,'2'),(33515,27,7,764,'2'),(33516,27,7,765,'2'),(33517,27,7,766,'0'),(33518,27,7,767,'0'),(33519,27,7,768,'3'),(33520,27,7,769,'1'),(33521,27,7,770,'0'),(33522,27,7,771,'0'),(33523,27,7,772,'0'),(33524,27,7,773,'2'),(33525,27,7,774,'0'),(33526,27,7,775,'30'),(33527,27,7,776,'151'),(33528,27,7,777,'0'),(33529,27,7,778,'0'),(33530,27,7,779,'3'),(33531,27,7,780,'32'),(33532,27,7,781,'0'),(33533,27,7,782,'0'),(33534,27,7,783,'0'),(33535,27,7,784,'725'),(33536,27,7,785,'0'),(33537,27,7,786,'2'),(33538,27,7,787,'227'),(33539,27,7,788,'1'),(33540,27,7,789,'33'),(33541,27,7,790,'1'),(33542,27,7,791,'2'),(33543,27,7,792,'0'),(33544,27,7,793,'63'),(33545,27,7,794,'9'),(33546,27,7,795,'4'),(33547,27,7,796,'0'),(33548,27,7,797,'0'),(33549,27,7,798,'0'),(33550,27,7,799,'1'),(33551,27,7,800,'0'),(33552,27,7,801,'0'),(33553,27,7,802,'0'),(33554,27,7,803,'0'),(33555,27,7,804,'1'),(33556,27,8,758,'8'),(33557,27,8,759,'10'),(33558,27,8,760,'12'),(33559,27,8,761,'64'),(33560,27,8,762,'1'),(33561,27,8,763,'2'),(33562,27,8,764,'0'),(33563,27,8,765,'2'),(33564,27,8,766,'0'),(33565,27,8,767,'1'),(33566,27,8,768,'4'),(33567,27,8,769,'1'),(33568,27,8,770,'1'),(33569,27,8,771,'0'),(33570,27,8,772,'0'),(33571,27,8,773,'1'),(33572,27,8,774,'0'),(33573,27,8,775,'52'),(33574,27,8,776,'161'),(33575,27,8,777,'0'),(33576,27,8,778,'0'),(33577,27,8,779,'1'),(33578,27,8,780,'22'),(33579,27,8,781,'0'),(33580,27,8,782,'0'),(33581,27,8,783,'0'),(33582,27,8,784,'194'),(33583,27,8,785,'0'),(33584,27,8,786,'0'),(33585,27,8,787,'162'),(33586,27,8,788,'0'),(33587,27,8,789,'23'),(33588,27,8,790,'0'),(33589,27,8,791,'7'),(33590,27,8,792,'0'),(33591,27,8,793,'36'),(33592,27,8,794,'19'),(33593,27,8,795,'1'),(33594,27,8,796,'0'),(33595,27,8,797,'0'),(33596,27,8,798,'0'),(33597,27,8,799,'0'),(33598,27,8,800,'0'),(33599,27,8,801,'0'),(33600,27,8,802,'1'),(33601,27,8,803,'0'),(33602,27,8,804,'0'),(33603,27,9,758,'9'),(33604,27,9,759,'12'),(33605,27,9,760,'14'),(33606,27,9,761,'42'),(33607,27,9,762,'4'),(33608,27,9,763,'4'),(33609,27,9,764,'1'),(33610,27,9,765,'2'),(33611,27,9,766,'0'),(33612,27,9,767,'1'),(33613,27,9,768,'4'),(33614,27,9,769,'0'),(33615,27,9,770,'0'),(33616,27,9,771,'0'),(33617,27,9,772,'0'),(33618,27,9,773,'0'),(33619,27,9,774,'1'),(33620,27,9,775,'55'),(33621,27,9,776,'102'),(33622,27,9,777,'0'),(33623,27,9,778,'0'),(33624,27,9,779,'4'),(33625,27,9,780,'26'),(33626,27,9,781,'0'),(33627,27,9,782,'0'),(33628,27,9,783,'0'),(33629,27,9,784,'302'),(33630,27,9,785,'0'),(33631,27,9,786,'0'),(33632,27,9,787,'159'),(33633,27,9,788,'1'),(33634,27,9,789,'18'),(33635,27,9,790,'2'),(33636,27,9,791,'5'),(33637,27,9,792,'0'),(33638,27,9,793,'45'),(33639,27,9,794,'21'),(33640,27,9,795,'0'),(33641,27,9,796,'0'),(33642,27,9,797,'0'),(33643,27,9,798,'0'),(33644,27,9,799,'0'),(33645,27,9,800,'1'),(33646,27,9,801,'0'),(33647,27,9,802,'0'),(33648,27,9,803,'0'),(33649,27,9,804,'8'),(33650,27,10,758,'10'),(33651,27,10,759,'14'),(33652,27,10,760,'16'),(33653,27,10,761,'40'),(33654,27,10,762,'4'),(33655,27,10,763,'1'),(33656,27,10,764,'0'),(33657,27,10,765,'5'),(33658,27,10,766,'1'),(33659,27,10,767,'2'),(33660,27,10,768,'2'),(33661,27,10,769,'0'),(33662,27,10,770,'0'),(33663,27,10,771,'0'),(33664,27,10,772,'0'),(33665,27,10,773,'1'),(33666,27,10,774,'0'),(33667,27,10,775,'60'),(33668,27,10,776,'84'),(33669,27,10,777,'0'),(33670,27,10,778,'0'),(33671,27,10,779,'3'),(33672,27,10,780,'15'),(33673,27,10,781,'0'),(33674,27,10,782,'0'),(33675,27,10,783,'1'),(33676,27,10,784,'186'),(33677,27,10,785,'0'),(33678,27,10,786,'2'),(33679,27,10,787,'183'),(33680,27,10,788,'0'),(33681,27,10,789,'29'),(33682,27,10,790,'0'),(33683,27,10,791,'3'),(33684,27,10,792,'0'),(33685,27,10,793,'35'),(33686,27,10,794,'17'),(33687,27,10,795,'4'),(33688,27,10,796,'0'),(33689,27,10,797,'0'),(33690,27,10,798,'0'),(33691,27,10,799,'0'),(33692,27,10,800,'1'),(33693,27,10,801,'0'),(33694,27,10,802,'0'),(33695,27,10,803,'0'),(33696,27,10,804,'2'),(33697,27,11,758,'11'),(33698,27,11,759,'16'),(33699,27,11,760,'18'),(33700,27,11,761,'42'),(33701,27,11,762,'2'),(33702,27,11,763,'5'),(33703,27,11,764,'0'),(33704,27,11,765,'1'),(33705,27,11,766,'0'),(33706,27,11,767,'3'),(33707,27,11,768,'4'),(33708,27,11,769,'0'),(33709,27,11,770,'0'),(33710,27,11,771,'0'),(33711,27,11,772,'0'),(33712,27,11,773,'4'),(33713,27,11,774,'0'),(33714,27,11,775,'47'),(33715,27,11,776,'97'),(33716,27,11,777,'0'),(33717,27,11,778,'0'),(33718,27,11,779,'4'),(33719,27,11,780,'19'),(33720,27,11,781,'0'),(33721,27,11,782,'0'),(33722,27,11,783,'0'),(33723,27,11,784,'214'),(33724,27,11,785,'0'),(33725,27,11,786,'4'),(33726,27,11,787,'198'),(33727,27,11,788,'1'),(33728,27,11,789,'25'),(33729,27,11,790,'0'),(33730,27,11,791,'3'),(33731,27,11,792,'0'),(33732,27,11,793,'58'),(33733,27,11,794,'13'),(33734,27,11,795,'2'),(33735,27,11,796,'1'),(33736,27,11,797,'0'),(33737,27,11,798,'0'),(33738,27,11,799,'0'),(33739,27,11,800,'0'),(33740,27,11,801,'0'),(33741,27,11,802,'0'),(33742,27,11,803,'0'),(33743,27,11,804,'3'),(33744,27,12,758,'12'),(33745,27,12,759,'17'),(33746,27,12,760,'19'),(33747,27,12,761,'44'),(33748,27,12,762,'1'),(33749,27,12,763,'1'),(33750,27,12,764,'0'),(33751,27,12,765,'0'),(33752,27,12,766,'1'),(33753,27,12,767,'0'),(33754,27,12,768,'1'),(33755,27,12,769,'0'),(33756,27,12,770,'0'),(33757,27,12,771,'0'),(33758,27,12,772,'0'),(33759,27,12,773,'1'),(33760,27,12,774,'0'),(33761,27,12,775,'39'),(33762,27,12,776,'85'),(33763,27,12,777,'0'),(33764,27,12,778,'0'),(33765,27,12,779,'5'),(33766,27,12,780,'21'),(33767,27,12,781,'0'),(33768,27,12,782,'0'),(33769,27,12,783,'0'),(33770,27,12,784,'439'),(33771,27,12,785,'1'),(33772,27,12,786,'4'),(33773,27,12,787,'203'),(33774,27,12,788,'0'),(33775,27,12,789,'31'),(33776,27,12,790,'0'),(33777,27,12,791,'2'),(33778,27,12,792,'0'),(33779,27,12,793,'47'),(33780,27,12,794,'11'),(33781,27,12,795,'5'),(33782,27,12,796,'0'),(33783,27,12,797,'0'),(33784,27,12,798,'0'),(33785,27,12,799,'2'),(33786,27,12,800,'2'),(33787,27,12,801,'0'),(33788,27,12,802,'0'),(33789,27,12,803,'0'),(33790,27,12,804,'2'),(33791,27,13,758,'13'),(33792,27,13,759,'18'),(33793,27,13,760,'20'),(33794,27,13,761,'45'),(33795,27,13,762,'4'),(33796,27,13,763,'2'),(33797,27,13,764,'1'),(33798,27,13,765,'3'),(33799,27,13,766,'1'),(33800,27,13,767,'0'),(33801,27,13,768,'8'),(33802,27,13,769,'0'),(33803,27,13,770,'1'),(33804,27,13,771,'0'),(33805,27,13,772,'0'),(33806,27,13,773,'2'),(33807,27,13,774,'0'),(33808,27,13,775,'44'),(33809,27,13,776,'89'),(33810,27,13,777,'0'),(33811,27,13,778,'0'),(33812,27,13,779,'2'),(33813,27,13,780,'15'),(33814,27,13,781,'0'),(33815,27,13,782,'2'),(33816,27,13,783,'0'),(33817,27,13,784,'355'),(33818,27,13,785,'0'),(33819,27,13,786,'17'),(33820,27,13,787,'191'),(33821,27,13,788,'6'),(33822,27,13,789,'14'),(33823,27,13,790,'2'),(33824,27,13,791,'2'),(33825,27,13,792,'0'),(33826,27,13,793,'38'),(33827,27,13,794,'11'),(33828,27,13,795,'3'),(33829,27,13,796,'0'),(33830,27,13,797,'0'),(33831,27,13,798,'0'),(33832,27,13,799,'7'),(33833,27,13,800,'0'),(33834,27,13,801,'0'),(33835,27,13,802,'0'),(33836,27,13,803,'11'),(33837,27,13,804,'13'),(33838,27,14,758,'14'),(33839,27,14,759,'20'),(33840,27,14,760,'22'),(33841,27,14,761,'47'),(33842,27,14,762,'3'),(33843,27,14,763,'5'),(33844,27,14,764,'0'),(33845,27,14,765,'4'),(33846,27,14,766,'1'),(33847,27,14,767,'0'),(33848,27,14,768,'7'),(33849,27,14,769,'1'),(33850,27,14,770,'0'),(33851,27,14,771,'0'),(33852,27,14,772,'0'),(33853,27,14,773,'5'),(33854,27,14,774,'1'),(33855,27,14,775,'59'),(33856,27,14,776,'85'),(33857,27,14,777,'0'),(33858,27,14,778,'0'),(33859,27,14,779,'1'),(33860,27,14,780,'15'),(33861,27,14,781,'0'),(33862,27,14,782,'0'),(33863,27,14,783,'0'),(33864,27,14,784,'331'),(33865,27,14,785,'1'),(33866,27,14,786,'8'),(33867,27,14,787,'170'),(33868,27,14,788,'3'),(33869,27,14,789,'30'),(33870,27,14,790,'3'),(33871,27,14,791,'1'),(33872,27,14,792,'0'),(33873,27,14,793,'43'),(33874,27,14,794,'10'),(33875,27,14,795,'4'),(33876,27,14,796,'0'),(33877,27,14,797,'0'),(33878,27,14,798,'0'),(33879,27,14,799,'13'),(33880,27,14,800,'1'),(33881,27,14,801,'0'),(33882,27,14,802,'0'),(33883,27,14,803,'0'),(33884,27,14,804,'4'),(33885,27,15,758,'15'),(33886,27,15,759,'21'),(33887,27,15,760,'23'),(33888,27,15,761,'63'),(33889,27,15,762,'3'),(33890,27,15,763,'5'),(33891,27,15,764,'2'),(33892,27,15,765,'2'),(33893,27,15,766,'1'),(33894,27,15,767,'3'),(33895,27,15,768,'5'),(33896,27,15,769,'0'),(33897,27,15,770,'0'),(33898,27,15,771,'0'),(33899,27,15,772,'0'),(33900,27,15,773,'1'),(33901,27,15,774,'1'),(33902,27,15,775,'27'),(33903,27,15,776,'84'),(33904,27,15,777,'0'),(33905,27,15,778,'0'),(33906,27,15,779,'2'),(33907,27,15,780,'14'),(33908,27,15,781,'0'),(33909,27,15,782,'0'),(33910,27,15,783,'0'),(33911,27,15,784,'338'),(33912,27,15,785,'0'),(33913,27,15,786,'1'),(33914,27,15,787,'207'),(33915,27,15,788,'0'),(33916,27,15,789,'25'),(33917,27,15,790,'0'),(33918,27,15,791,'2'),(33919,27,15,792,'0'),(33920,27,15,793,'54'),(33921,27,15,794,'1'),(33922,27,15,795,'8'),(33923,27,15,796,'0'),(33924,27,15,797,'0'),(33925,27,15,798,'0'),(33926,27,15,799,'6'),(33927,27,15,800,'0'),(33928,27,15,801,'0'),(33929,27,15,802,'0'),(33930,27,15,803,'0'),(33931,27,15,804,'0'),(33932,27,16,758,'16'),(33933,27,16,759,'22'),(33934,27,16,760,'24'),(33935,27,16,761,'50'),(33936,27,16,762,'1'),(33937,27,16,763,'8'),(33938,27,16,764,'1'),(33939,27,16,765,'2'),(33940,27,16,766,'1'),(33941,27,16,767,'0'),(33942,27,16,768,'4'),(33943,27,16,769,'1'),(33944,27,16,770,'0'),(33945,27,16,771,'0'),(33946,27,16,772,'0'),(33947,27,16,773,'1'),(33948,27,16,774,'1'),(33949,27,16,775,'39'),(33950,27,16,776,'84'),(33951,27,16,777,'0'),(33952,27,16,778,'0'),(33953,27,16,779,'2'),(33954,27,16,780,'13'),(33955,27,16,781,'0'),(33956,27,16,782,'0'),(33957,27,16,783,'0'),(33958,27,16,784,'547'),(33959,27,16,785,'0'),(33960,27,16,786,'4'),(33961,27,16,787,'193'),(33962,27,16,788,'8'),(33963,27,16,789,'25'),(33964,27,16,790,'1'),(33965,27,16,791,'3'),(33966,27,16,792,'0'),(33967,27,16,793,'38'),(33968,27,16,794,'12'),(33969,27,16,795,'1'),(33970,27,16,796,'0'),(33971,27,16,797,'0'),(33972,27,16,798,'0'),(33973,27,16,799,'12'),(33974,27,16,800,'1'),(33975,27,16,801,'0'),(33976,27,16,802,'0'),(33977,27,16,803,'9'),(33978,27,16,804,'7'),(33979,27,17,758,'17'),(33980,27,17,759,'23'),(33981,27,17,760,'25'),(33982,27,17,761,'53'),(33983,27,17,762,'3'),(33984,27,17,763,'3'),(33985,27,17,764,'0'),(33986,27,17,765,'4'),(33987,27,17,766,'0'),(33988,27,17,767,'2'),(33989,27,17,768,'6'),(33990,27,17,769,'1'),(33991,27,17,770,'0'),(33992,27,17,771,'0'),(33993,27,17,772,'0'),(33994,27,17,773,'3'),(33995,27,17,774,'0'),(33996,27,17,775,'34'),(33997,27,17,776,'77'),(33998,27,17,777,'0'),(33999,27,17,778,'0'),(34000,27,17,779,'1'),(34001,27,17,780,'11'),(34002,27,17,781,'0'),(34003,27,17,782,'0'),(34004,27,17,783,'0'),(34005,27,17,784,'561'),(34006,27,17,785,'1'),(34007,27,17,786,'1'),(34008,27,17,787,'195'),(34009,27,17,788,'1'),(34010,27,17,789,'38'),(34011,27,17,790,'0'),(34012,27,17,791,'2'),(34013,27,17,792,'0'),(34014,27,17,793,'27'),(34015,27,17,794,'8'),(34016,27,17,795,'4'),(34017,27,17,796,'0'),(34018,27,17,797,'0'),(34019,27,17,798,'0'),(34020,27,17,799,'15'),(34021,27,17,800,'1'),(34022,27,17,801,'0'),(34023,27,17,802,'0'),(34024,27,17,803,'0'),(34025,27,17,804,'0'),(34026,27,18,758,'18'),(34027,27,18,759,'24'),(34028,27,18,760,'26'),(34029,27,18,761,'51'),(34030,27,18,762,'2'),(34031,27,18,763,'6'),(34032,27,18,764,'4'),(34033,27,18,765,'5'),(34034,27,18,766,'0'),(34035,27,18,767,'1'),(34036,27,18,768,'7'),(34037,27,18,769,'0'),(34038,27,18,770,'0'),(34039,27,18,771,'0'),(34040,27,18,772,'0'),(34041,27,18,773,'0'),(34042,27,18,774,'0'),(34043,27,18,775,'40'),(34044,27,18,776,'156'),(34045,27,18,777,'0'),(34046,27,18,778,'0'),(34047,27,18,779,'1'),(34048,27,18,780,'8'),(34049,27,18,781,'0'),(34050,27,18,782,'0'),(34051,27,18,783,'3'),(34052,27,18,784,'524'),(34053,27,18,785,'0'),(34054,27,18,786,'2'),(34055,27,18,787,'207'),(34056,27,18,788,'0'),(34057,27,18,789,'14'),(34058,27,18,790,'0'),(34059,27,18,791,'2'),(34060,27,18,792,'0'),(34061,27,18,793,'53'),(34062,27,18,794,'15'),(34063,27,18,795,'3'),(34064,27,18,796,'0'),(34065,27,18,797,'0'),(34066,27,18,798,'0'),(34067,27,18,799,'13'),(34068,27,18,800,'0'),(34069,27,18,801,'0'),(34070,27,18,802,'0'),(34071,27,18,803,'1'),(34072,27,18,804,'0'),(34073,27,19,758,'19'),(34074,27,19,759,'25'),(34075,27,19,760,'27'),(34076,27,19,761,'53'),(34077,27,19,762,'3'),(34078,27,19,763,'3'),(34079,27,19,764,'0'),(34080,27,19,765,'4'),(34081,27,19,766,'0'),(34082,27,19,767,'2'),(34083,27,19,768,'6'),(34084,27,19,769,'1'),(34085,27,19,770,'0'),(34086,27,19,771,'0'),(34087,27,19,772,'0'),(34088,27,19,773,'3'),(34089,27,19,774,'0'),(34090,27,19,775,'34'),(34091,27,19,776,'77'),(34092,27,19,777,'0'),(34093,27,19,778,'0'),(34094,27,19,779,'1'),(34095,27,19,780,'11'),(34096,27,19,781,'0'),(34097,27,19,782,'0'),(34098,27,19,783,'0'),(34099,27,19,784,'561'),(34100,27,19,785,'1'),(34101,27,19,786,'1'),(34102,27,19,787,'195'),(34103,27,19,788,'1'),(34104,27,19,789,'38'),(34105,27,19,790,'0'),(34106,27,19,791,'2'),(34107,27,19,792,'0'),(34108,27,19,793,'27'),(34109,27,19,794,'8'),(34110,27,19,795,'4'),(34111,27,19,796,'0'),(34112,27,19,797,'0'),(34113,27,19,798,'0'),(34114,27,19,799,'15'),(34115,27,19,800,'1'),(34116,27,19,801,'0'),(34117,27,19,802,'0'),(34118,27,19,803,'0'),(34119,27,19,804,'0'),(34120,27,20,758,'20'),(34121,27,20,759,'26'),(34122,27,20,760,'28'),(34123,27,20,761,'50'),(34124,27,20,762,'1'),(34125,27,20,763,'4'),(34126,27,20,764,'0'),(34127,27,20,765,'5'),(34128,27,20,766,'1'),(34129,27,20,767,'0'),(34130,27,20,768,'9'),(34131,27,20,769,'0'),(34132,27,20,770,'0'),(34133,27,20,771,'0'),(34134,27,20,772,'0'),(34135,27,20,773,'4'),(34136,27,20,774,'0'),(34137,27,20,775,'26'),(34138,27,20,776,'95'),(34139,27,20,777,'0'),(34140,27,20,778,'0'),(34141,27,20,779,'0'),(34142,27,20,780,'25'),(34143,27,20,781,'0'),(34144,27,20,782,'1'),(34145,27,20,783,'0'),(34146,27,20,784,'464'),(34147,27,20,785,'0'),(34148,27,20,786,'3'),(34149,27,20,787,'221'),(34150,27,20,788,'1'),(34151,27,20,789,'18'),(34152,27,20,790,'0'),(34153,27,20,791,'0'),(34154,27,20,792,'0'),(34155,27,20,793,'33'),(34156,27,20,794,'11'),(34157,27,20,795,'1'),(34158,27,20,796,'0'),(34159,27,20,797,'0'),(34160,27,20,798,'0'),(34161,27,20,799,'35'),(34162,27,20,800,'0'),(34163,27,20,801,'0'),(34164,27,20,802,'0'),(34165,27,20,803,'0'),(34166,27,20,804,'1'),(34167,27,21,758,'21'),(34168,27,21,759,'28'),(34169,27,21,760,'30'),(34170,27,21,761,'59'),(34171,27,21,762,'2'),(34172,27,21,763,'4'),(34173,27,21,764,'0'),(34174,27,21,765,'3'),(34175,27,21,766,'0'),(34176,27,21,767,'0'),(34177,27,21,768,'8'),(34178,27,21,769,'1'),(34179,27,21,770,'0'),(34180,27,21,771,'0'),(34181,27,21,772,'0'),(34182,27,21,773,'3'),(34183,27,21,774,'0'),(34184,27,21,775,'43'),(34185,27,21,776,'195'),(34186,27,21,777,'0'),(34187,27,21,778,'0'),(34188,27,21,779,'0'),(34189,27,21,780,'9'),(34190,27,21,781,'0'),(34191,27,21,782,'0'),(34192,27,21,783,'0'),(34193,27,21,784,'508'),(34194,27,21,785,'1'),(34195,27,21,786,'1'),(34196,27,21,787,'199'),(34197,27,21,788,'4'),(34198,27,21,789,'24'),(34199,27,21,790,'0'),(34200,27,21,791,'3'),(34201,27,21,792,'0'),(34202,27,21,793,'33'),(34203,27,21,794,'10'),(34204,27,21,795,'1'),(34205,27,21,796,'0'),(34206,27,21,797,'0'),(34207,27,21,798,'0'),(34208,27,21,799,'9'),(34209,27,21,800,'0'),(34210,27,21,801,'0'),(34211,27,21,802,'0'),(34212,27,21,803,'0'),(34213,27,21,804,'11'),(34214,27,22,758,'22'),(34215,27,22,759,'30'),(34216,27,22,760,'32'),(34217,27,22,761,'49'),(34218,27,22,762,'0'),(34219,27,22,763,'5'),(34220,27,22,764,'2'),(34221,27,22,765,'3'),(34222,27,22,766,'0'),(34223,27,22,767,'3'),(34224,27,22,768,'11'),(34225,27,22,769,'1'),(34226,27,22,770,'0'),(34227,27,22,771,'0'),(34228,27,22,772,'0'),(34229,27,22,773,'1'),(34230,27,22,774,'0'),(34231,27,22,775,'46'),(34232,27,22,776,'182'),(34233,27,22,777,'0'),(34234,27,22,778,'0'),(34235,27,22,779,'1'),(34236,27,22,780,'14'),(34237,27,22,781,'0'),(34238,27,22,782,'0'),(34239,27,22,783,'4'),(34240,27,22,784,'330'),(34241,27,22,785,'0'),(34242,27,22,786,'8'),(34243,27,22,787,'178'),(34244,27,22,788,'3'),(34245,27,22,789,'44'),(34246,27,22,790,'0'),(34247,27,22,791,'4'),(34248,27,22,792,'0'),(34249,27,22,793,'37'),(34250,27,22,794,'11'),(34251,27,22,795,'2'),(34252,27,22,796,'0'),(34253,27,22,797,'0'),(34254,27,22,798,'0'),(34255,27,22,799,'12'),(34256,27,22,800,'0'),(34257,27,22,801,'0'),(34258,27,22,802,'0'),(34259,27,22,803,'0'),(34260,27,22,804,'5'),(34261,27,23,758,'23'),(34262,27,23,759,'32'),(34263,27,23,760,'34'),(34264,27,23,761,'52'),(34265,27,23,762,'0'),(34266,27,23,763,'4'),(34267,27,23,764,'1'),(34268,27,23,765,'3'),(34269,27,23,766,'0'),(34270,27,23,767,'1'),(34271,27,23,768,'7'),(34272,27,23,769,'0'),(34273,27,23,770,'0'),(34274,27,23,771,'0'),(34275,27,23,772,'0'),(34276,27,23,773,'1'),(34277,27,23,774,'0'),(34278,27,23,775,'46'),(34279,27,23,776,'160'),(34280,27,23,777,'1'),(34281,27,23,778,'0'),(34282,27,23,779,'0'),(34283,27,23,780,'15'),(34284,27,23,781,'0'),(34285,27,23,782,'0'),(34286,27,23,783,'0'),(34287,27,23,784,'296'),(34288,27,23,785,'0'),(34289,27,23,786,'2'),(34290,27,23,787,'182'),(34291,27,23,788,'1'),(34292,27,23,789,'55'),(34293,27,23,790,'0'),(34294,27,23,791,'2'),(34295,27,23,792,'0'),(34296,27,23,793,'28'),(34297,27,23,794,'9'),(34298,27,23,795,'0'),(34299,27,23,796,'0'),(34300,27,23,797,'1'),(34301,27,23,798,'0'),(34302,27,23,799,'13'),(34303,27,23,800,'1'),(34304,27,23,801,'0'),(34305,27,23,802,'0'),(34306,27,23,803,'0'),(34307,27,23,804,'8'),(34308,27,24,758,'24'),(34309,27,24,759,'34'),(34310,27,24,760,'36'),(34311,27,24,761,'42'),(34312,27,24,762,'2'),(34313,27,24,763,'1'),(34314,27,24,764,'1'),(34315,27,24,765,'4'),(34316,27,24,766,'0'),(34317,27,24,767,'2'),(34318,27,24,768,'9'),(34319,27,24,769,'0'),(34320,27,24,770,'0'),(34321,27,24,771,'0'),(34322,27,24,772,'0'),(34323,27,24,773,'1'),(34324,27,24,774,'0'),(34325,27,24,775,'32'),(34326,27,24,776,'108'),(34327,27,24,777,'1'),(34328,27,24,778,'0'),(34329,27,24,779,'1'),(34330,27,24,780,'34'),(34331,27,24,781,'0'),(34332,27,24,782,'0'),(34333,27,24,783,'1'),(34334,27,24,784,'447'),(34335,27,24,785,'0'),(34336,27,24,786,'9'),(34337,27,24,787,'196'),(34338,27,24,788,'0'),(34339,27,24,789,'32'),(34340,27,24,790,'2'),(34341,27,24,791,'5'),(34342,27,24,792,'0'),(34343,27,24,793,'41'),(34344,27,24,794,'8'),(34345,27,24,795,'2'),(34346,27,24,796,'0'),(34347,27,24,797,'0'),(34348,27,24,798,'0'),(34349,27,24,799,'13'),(34350,27,24,800,'2'),(34351,27,24,801,'0'),(34352,27,24,802,'0'),(34353,27,24,803,'0'),(34354,27,24,804,'0'),(34355,27,25,758,'25'),(34356,27,25,759,'36'),(34357,27,25,760,'38'),(34358,27,25,761,'51'),(34359,27,25,762,'2'),(34360,27,25,763,'1'),(34361,27,25,764,'0'),(34362,27,25,765,'4'),(34363,27,25,766,'0'),(34364,27,25,767,'5'),(34365,27,25,768,'6'),(34366,27,25,769,'0'),(34367,27,25,770,'0'),(34368,27,25,771,'0'),(34369,27,25,772,'0'),(34370,27,25,773,'4'),(34371,27,25,774,'0'),(34372,27,25,775,'31'),(34373,27,25,776,'86'),(34374,27,25,777,'0'),(34375,27,25,778,'0'),(34376,27,25,779,'3'),(34377,27,25,780,'19'),(34378,27,25,781,'0'),(34379,27,25,782,'0'),(34380,27,25,783,'0'),(34381,27,25,784,'216'),(34382,27,25,785,'0'),(34383,27,25,786,'11'),(34384,27,25,787,'190'),(34385,27,25,788,'0'),(34386,27,25,789,'34'),(34387,27,25,790,'1'),(34388,27,25,791,'2'),(34389,27,25,792,'0'),(34390,27,25,793,'39'),(34391,27,25,794,'16'),(34392,27,25,795,'0'),(34393,27,25,796,'0'),(34394,27,25,797,'0'),(34395,27,25,798,'0'),(34396,27,25,799,'10'),(34397,27,25,800,'0'),(34398,27,25,801,'0'),(34399,27,25,802,'0'),(34400,27,25,803,'0'),(34401,27,25,804,'2'),(34402,27,26,758,'26'),(34403,27,26,759,'38'),(34404,27,26,760,'40'),(34405,27,26,761,'39'),(34406,27,26,762,'0'),(34407,27,26,763,'5'),(34408,27,26,764,'2'),(34409,27,26,765,'5'),(34410,27,26,766,'1'),(34411,27,26,767,'2'),(34412,27,26,768,'5'),(34413,27,26,769,'0'),(34414,27,26,770,'0'),(34415,27,26,771,'3'),(34416,27,26,772,'0'),(34417,27,26,773,'1'),(34418,27,26,774,'0'),(34419,27,26,775,'26'),(34420,27,26,776,'78'),(34421,27,26,777,'0'),(34422,27,26,778,'0'),(34423,27,26,779,'1'),(34424,27,26,780,'27'),(34425,27,26,781,'0'),(34426,27,26,782,'1'),(34427,27,26,783,'0'),(34428,27,26,784,'274'),(34429,27,26,785,'0'),(34430,27,26,786,'16'),(34431,27,26,787,'221'),(34432,27,26,788,'0'),(34433,27,26,789,'28'),(34434,27,26,790,'0'),(34435,27,26,791,'4'),(34436,27,26,792,'0'),(34437,27,26,793,'31'),(34438,27,26,794,'10'),(34439,27,26,795,'3'),(34440,27,26,796,'0'),(34441,27,26,797,'0'),(34442,27,26,798,'0'),(34443,27,26,799,'9'),(34444,27,26,800,'0'),(34445,27,26,801,'0'),(34446,27,26,802,'0'),(34447,27,26,803,'0'),(34448,27,26,804,'9'),(34449,27,27,758,'27'),(34450,27,27,759,'40'),(34451,27,27,760,'42'),(34452,27,27,761,'50'),(34453,27,27,762,'3'),(34454,27,27,763,'6'),(34455,27,27,764,'1'),(34456,27,27,765,'2'),(34457,27,27,766,'0'),(34458,27,27,767,'1'),(34459,27,27,768,'5'),(34460,27,27,769,'0'),(34461,27,27,770,'0'),(34462,27,27,771,'0'),(34463,27,27,772,'0'),(34464,27,27,773,'7'),(34465,27,27,774,'0'),(34466,27,27,775,'37'),(34467,27,27,776,'90'),(34468,27,27,777,'0'),(34469,27,27,778,'0'),(34470,27,27,779,'1'),(34471,27,27,780,'14'),(34472,27,27,781,'0'),(34473,27,27,782,'0'),(34474,27,27,783,'0'),(34475,27,27,784,'406'),(34476,27,27,785,'0'),(34477,27,27,786,'14'),(34478,27,27,787,'206'),(34479,27,27,788,'0'),(34480,27,27,789,'16'),(34481,27,27,790,'1'),(34482,27,27,791,'0'),(34483,27,27,792,'0'),(34484,27,27,793,'36'),(34485,27,27,794,'6'),(34486,27,27,795,'7'),(34487,27,27,796,'0'),(34488,27,27,797,'0'),(34489,27,27,798,'0'),(34490,27,27,799,'16'),(34491,27,27,800,'0'),(34492,27,27,801,'0'),(34493,27,27,802,'0'),(34494,27,27,803,'0'),(34495,27,27,804,'5'),(34496,27,28,758,'28'),(34497,27,28,759,'42'),(34498,27,28,760,'44'),(34499,27,28,761,'42'),(34500,27,28,762,'3'),(34501,27,28,763,'5'),(34502,27,28,764,'3'),(34503,27,28,765,'3'),(34504,27,28,766,'0'),(34505,27,28,767,'2'),(34506,27,28,768,'13'),(34507,27,28,769,'0'),(34508,27,28,770,'0'),(34509,27,28,771,'0'),(34510,27,28,772,'1'),(34511,27,28,773,'3'),(34512,27,28,774,'0'),(34513,27,28,775,'37'),(34514,27,28,776,'96'),(34515,27,28,777,'0'),(34516,27,28,778,'0'),(34517,27,28,779,'0'),(34518,27,28,780,'25'),(34519,27,28,781,'0'),(34520,27,28,782,'0'),(34521,27,28,783,'0'),(34522,27,28,784,'452'),(34523,27,28,785,'0'),(34524,27,28,786,'19'),(34525,27,28,787,'182'),(34526,27,28,788,'0'),(34527,27,28,789,'18'),(34528,27,28,790,'0'),(34529,27,28,791,'1'),(34530,27,28,792,'0'),(34531,27,28,793,'50'),(34532,27,28,794,'11'),(34533,27,28,795,'6'),(34534,27,28,796,'0'),(34535,27,28,797,'0'),(34536,27,28,798,'0'),(34537,27,28,799,'22'),(34538,27,28,800,'1'),(34539,27,28,801,'0'),(34540,27,28,802,'0'),(34541,27,28,803,'0'),(34542,27,28,804,'12'),(34543,27,29,758,'29'),(34544,27,29,759,'43'),(34545,27,29,760,'45'),(34546,27,29,761,'58'),(34547,27,29,762,'3'),(34548,27,29,763,'4'),(34549,27,29,764,'1'),(34550,27,29,765,'3'),(34551,27,29,766,'1'),(34552,27,29,767,'0'),(34553,27,29,768,'4'),(34554,27,29,769,'1'),(34555,27,29,770,'0'),(34556,27,29,771,'0'),(34557,27,29,772,'0'),(34558,27,29,773,'2'),(34559,27,29,774,'0'),(34560,27,29,775,'18'),(34561,27,29,776,'123'),(34562,27,29,777,'0'),(34563,27,29,778,'0'),(34564,27,29,779,'0'),(34565,27,29,780,'15'),(34566,27,29,781,'0'),(34567,27,29,782,'0'),(34568,27,29,783,'1'),(34569,27,29,784,'527'),(34570,27,29,785,'0'),(34571,27,29,786,'0'),(34572,27,29,787,'204'),(34573,27,29,788,'1'),(34574,27,29,789,'23'),(34575,27,29,790,'0'),(34576,27,29,791,'1'),(34577,27,29,792,'0'),(34578,27,29,793,'45'),(34579,27,29,794,'10'),(34580,27,29,795,'4'),(34581,27,29,796,'0'),(34582,27,29,797,'0'),(34583,27,29,798,'0'),(34584,27,29,799,'12'),(34585,27,29,800,'0'),(34586,27,29,801,'0'),(34587,27,29,802,'0'),(34588,27,29,803,'0'),(34589,27,29,804,'1'),(34590,27,30,758,'30'),(34591,27,30,759,'44'),(34592,27,30,760,'46'),(34593,27,30,761,'51'),(34594,27,30,762,'0'),(34595,27,30,763,'3'),(34596,27,30,764,'0'),(34597,27,30,765,'4'),(34598,27,30,766,'0'),(34599,27,30,767,'0'),(34600,27,30,768,'3'),(34601,27,30,769,'0'),(34602,27,30,770,'0'),(34603,27,30,771,'0'),(34604,27,30,772,'0'),(34605,27,30,773,'44'),(34606,27,30,774,'0'),(34607,27,30,775,'28'),(34608,27,30,776,'91'),(34609,27,30,777,'0'),(34610,27,30,778,'0'),(34611,27,30,779,'3'),(34612,27,30,780,'20'),(34613,27,30,781,'0'),(34614,27,30,782,'0'),(34615,27,30,783,'0'),(34616,27,30,784,'262'),(34617,27,30,785,'0'),(34618,27,30,786,'5'),(34619,27,30,787,'176'),(34620,27,30,788,'3'),(34621,27,30,789,'16'),(34622,27,30,790,'0'),(34623,27,30,791,'2'),(34624,27,30,792,'0'),(34625,27,30,793,'41'),(34626,27,30,794,'8'),(34627,27,30,795,'2'),(34628,27,30,796,'0'),(34629,27,30,797,'0'),(34630,27,30,798,'0'),(34631,27,30,799,'11'),(34632,27,30,800,'0'),(34633,27,30,801,'0'),(34634,27,30,802,'0'),(34635,27,30,803,'0'),(34636,27,30,804,'1'),(34637,27,31,758,'31'),(34638,27,31,759,'46'),(34639,27,31,760,'48'),(34640,27,31,761,'49'),(34641,27,31,762,'1'),(34642,27,31,763,'3'),(34643,27,31,764,'0'),(34644,27,31,765,'3'),(34645,27,31,766,'0'),(34646,27,31,767,'1'),(34647,27,31,768,'4'),(34648,27,31,769,'0'),(34649,27,31,770,'0'),(34650,27,31,771,'0'),(34651,27,31,772,'1'),(34652,27,31,773,'1'),(34653,27,31,774,'0'),(34654,27,31,775,'25'),(34655,27,31,776,'169'),(34656,27,31,777,'0'),(34657,27,31,778,'0'),(34658,27,31,779,'0'),(34659,27,31,780,'20'),(34660,27,31,781,'0'),(34661,27,31,782,'0'),(34662,27,31,783,'0'),(34663,27,31,784,'368'),(34664,27,31,785,'0'),(34665,27,31,786,'0'),(34666,27,31,787,'221'),(34667,27,31,788,'0'),(34668,27,31,789,'41'),(34669,27,31,790,'0'),(34670,27,31,791,'1'),(34671,27,31,792,'0'),(34672,27,31,793,'28'),(34673,27,31,794,'3'),(34674,27,31,795,'4'),(34675,27,31,796,'0'),(34676,27,31,797,'0'),(34677,27,31,798,'0'),(34678,27,31,799,'13'),(34679,27,31,800,'1'),(34680,27,31,801,'0'),(34681,27,31,802,'0'),(34682,27,31,803,'0'),(34683,27,31,804,'2'),(34684,27,32,758,'32'),(34685,27,32,759,'47.9'),(34686,27,32,760,'64'),(34687,27,32,761,'41'),(34688,27,32,762,'0'),(34689,27,32,763,'0'),(34690,27,32,764,'3'),(34691,27,32,765,'39'),(34692,27,32,766,'4'),(34693,27,32,767,'1'),(34694,27,32,768,'19'),(34695,27,32,769,'0'),(34696,27,32,770,'0'),(34697,27,32,771,'0'),(34698,27,32,772,'0'),(34699,27,32,773,'0'),(34700,27,32,774,'0'),(34701,27,32,775,'12'),(34702,27,32,776,'98'),(34703,27,32,777,'0'),(34704,27,32,778,'0'),(34705,27,32,779,'0'),(34706,27,32,780,'10'),(34707,27,32,781,'0'),(34708,27,32,782,'1'),(34709,27,32,783,'0'),(34710,27,32,784,'142'),(34711,27,32,785,'0'),(34712,27,32,786,'0'),(34713,27,32,787,'185'),(34714,27,32,788,'3'),(34715,27,32,789,'37'),(34716,27,32,790,'0'),(34717,27,32,791,'5'),(34718,27,32,792,'0'),(34719,27,32,793,'37'),(34720,27,32,794,'12'),(34721,27,32,795,'2'),(34722,27,32,796,'0'),(34723,27,32,797,'0'),(34724,27,32,798,'0'),(34725,27,32,799,'1'),(34726,27,32,800,'0'),(34727,27,32,801,'0'),(34728,27,32,802,'0'),(34729,27,32,803,'0'),(34730,27,32,804,'2'),(34731,27,33,758,'33'),(34732,27,33,759,'48'),(34733,27,33,760,'50'),(34734,27,33,761,'54'),(34735,27,33,762,'1'),(34736,27,33,763,'1'),(34737,27,33,764,'1'),(34738,27,33,765,'4'),(34739,27,33,766,'0'),(34740,27,33,767,'1'),(34741,27,33,768,'2'),(34742,27,33,769,'0'),(34743,27,33,770,'0'),(34744,27,33,771,'0'),(34745,27,33,772,'0'),(34746,27,33,773,'3'),(34747,27,33,774,'0'),(34748,27,33,775,'38'),(34749,27,33,776,'104'),(34750,27,33,777,'0'),(34751,27,33,778,'0'),(34752,27,33,779,'0'),(34753,27,33,780,'19'),(34754,27,33,781,'0'),(34755,27,33,782,'0'),(34756,27,33,783,'0'),(34757,27,33,784,'289'),(34758,27,33,785,'0'),(34759,27,33,786,'11'),(34760,27,33,787,'160'),(34761,27,33,788,'0'),(34762,27,33,789,'44'),(34763,27,33,790,'0'),(34764,27,33,791,'5'),(34765,27,33,792,'0'),(34766,27,33,793,'36'),(34767,27,33,794,'12'),(34768,27,33,795,'0'),(34769,27,33,796,'0'),(34770,27,33,797,'0'),(34771,27,33,798,'0'),(34772,27,33,799,'7'),(34773,27,33,800,'0'),(34774,27,33,801,'0'),(34775,27,33,802,'0'),(34776,27,33,803,'0'),(34777,27,33,804,'4'),(34778,27,34,758,'34'),(34779,27,34,759,'50.5'),(34780,27,34,760,'66'),(34781,27,34,761,'34'),(34782,27,34,762,'1'),(34783,27,34,763,'2'),(34784,27,34,764,'0'),(34785,27,34,765,'34'),(34786,27,34,766,'0'),(34787,27,34,767,'3'),(34788,27,34,768,'24'),(34789,27,34,769,'0'),(34790,27,34,770,'0'),(34791,27,34,771,'0'),(34792,27,34,772,'0'),(34793,27,34,773,'2'),(34794,27,34,774,'0'),(34795,27,34,775,'14'),(34796,27,34,776,'94'),(34797,27,34,777,'0'),(34798,27,34,778,'0'),(34799,27,34,779,'0'),(34800,27,34,780,'8'),(34801,27,34,781,'0'),(34802,27,34,782,'0'),(34803,27,34,783,'0'),(34804,27,34,784,'80'),(34805,27,34,785,'0'),(34806,27,34,786,'0'),(34807,27,34,787,'196'),(34808,27,34,788,'0'),(34809,27,34,789,'44'),(34810,27,34,790,'0'),(34811,27,34,791,'4'),(34812,27,34,792,'0'),(34813,27,34,793,'41'),(34814,27,34,794,'17'),(34815,27,34,795,'1'),(34816,27,34,796,'0'),(34817,27,34,797,'0'),(34818,27,34,798,'0'),(34819,27,34,799,'0'),(34820,27,34,800,'0'),(34821,27,34,801,'0'),(34822,27,34,802,'0'),(34823,27,34,803,'0'),(34824,27,34,804,'1'),(34825,27,35,758,'35'),(34826,27,35,759,'54.6'),(34827,27,35,760,'69'),(34828,27,35,761,'22'),(34829,27,35,762,'0'),(34830,27,35,763,'2'),(34831,27,35,764,'1'),(34832,27,35,765,'5'),(34833,27,35,766,'0'),(34834,27,35,767,'0'),(34835,27,35,768,'10'),(34836,27,35,769,'0'),(34837,27,35,770,'0'),(34838,27,35,771,'0'),(34839,27,35,772,'0'),(34840,27,35,773,'0'),(34841,27,35,774,'0'),(34842,27,35,775,'36'),(34843,27,35,776,'205'),(34844,27,35,777,'0'),(34845,27,35,778,'0'),(34846,27,35,779,'0'),(34847,27,35,780,'4'),(34848,27,35,781,'0'),(34849,27,35,782,'0'),(34850,27,35,783,'0'),(34851,27,35,784,'148'),(34852,27,35,785,'0'),(34853,27,35,786,'0'),(34854,27,35,787,'229'),(34855,27,35,788,'0'),(34856,27,35,789,'46'),(34857,27,35,790,'0'),(34858,27,35,791,'2'),(34859,27,35,792,'0'),(34860,27,35,793,'42'),(34861,27,35,794,'8'),(34862,27,35,795,'3'),(34863,27,35,796,'1'),(34864,27,35,797,'0'),(34865,27,35,798,'0'),(34866,27,35,799,'0'),(34867,27,35,800,'1'),(34868,27,35,801,'0'),(34869,27,35,802,'0'),(34870,27,35,803,'0'),(34871,27,35,804,'0'),(34872,27,36,758,'36'),(34873,27,36,759,'57.3'),(34874,27,36,760,'71'),(34875,27,36,761,'31'),(34876,27,36,762,'2'),(34877,27,36,763,'4'),(34878,27,36,764,'2'),(34879,27,36,765,'2'),(34880,27,36,766,'1'),(34881,27,36,767,'1'),(34882,27,36,768,'5'),(34883,27,36,769,'0'),(34884,27,36,770,'0'),(34885,27,36,771,'0'),(34886,27,36,772,'0'),(34887,27,36,773,'1'),(34888,27,36,774,'0'),(34889,27,36,775,'25'),(34890,27,36,776,'260'),(34891,27,36,777,'0'),(34892,27,36,778,'0'),(34893,27,36,779,'1'),(34894,27,36,780,'9'),(34895,27,36,781,'0'),(34896,27,36,782,'0'),(34897,27,36,783,'0'),(34898,27,36,784,'219'),(34899,27,36,785,'0'),(34900,27,36,786,'10'),(34901,27,36,787,'205'),(34902,27,36,788,'0'),(34903,27,36,789,'68'),(34904,27,36,790,'0'),(34905,27,36,791,'1'),(34906,27,36,792,'0'),(34907,27,36,793,'70'),(34908,27,36,794,'4'),(34909,27,36,795,'3'),(34910,27,36,796,'0'),(34911,27,36,797,'0'),(34912,27,36,798,'0'),(34913,27,36,799,'0'),(34914,27,36,800,'2'),(34915,27,36,801,'0'),(34916,27,36,802,'0'),(34917,27,36,803,'0'),(34918,27,36,804,'0'),(34919,27,37,758,'37'),(34920,27,37,759,'61.3'),(34921,27,37,760,'74'),(34922,27,37,761,'24'),(34923,27,37,762,'1'),(34924,27,37,763,'2'),(34925,27,37,764,'0'),(34926,27,37,765,'1'),(34927,27,37,766,'1'),(34928,27,37,767,'1'),(34929,27,37,768,'8'),(34930,27,37,769,'0'),(34931,27,37,770,'0'),(34932,27,37,771,'0'),(34933,27,37,772,'0'),(34934,27,37,773,'0'),(34935,27,37,774,'0'),(34936,27,37,775,'37'),(34937,27,37,776,'165'),(34938,27,37,777,'0'),(34939,27,37,778,'0'),(34940,27,37,779,'0'),(34941,27,37,780,'6'),(34942,27,37,781,'0'),(34943,27,37,782,'0'),(34944,27,37,783,'0'),(34945,27,37,784,'270'),(34946,27,37,785,'0'),(34947,27,37,786,'12'),(34948,27,37,787,'237'),(34949,27,37,788,'0'),(34950,27,37,789,'32'),(34951,27,37,790,'0'),(34952,27,37,791,'1'),(34953,27,37,792,'0'),(34954,27,37,793,'37'),(34955,27,37,794,'11'),(34956,27,37,795,'1'),(34957,27,37,796,'0'),(34958,27,37,797,'0'),(34959,27,37,798,'0'),(34960,27,37,799,'0'),(34961,27,37,800,'0'),(34962,27,37,801,'0'),(34963,27,37,802,'0'),(34964,27,37,803,'0'),(34965,27,37,804,'0'),(34966,27,38,758,'38'),(34967,27,38,759,'63.9'),(34968,27,38,760,'76'),(34969,27,38,761,'32'),(34970,27,38,762,'3'),(34971,27,38,763,'6'),(34972,27,38,764,'0'),(34973,27,38,765,'0'),(34974,27,38,766,'0'),(34975,27,38,767,'0'),(34976,27,38,768,'6'),(34977,27,38,769,'0'),(34978,27,38,770,'0'),(34979,27,38,771,'0'),(34980,27,38,772,'0'),(34981,27,38,773,'4'),(34982,27,38,774,'0'),(34983,27,38,775,'17'),(34984,27,38,776,'114'),(34985,27,38,777,'0'),(34986,27,38,778,'0'),(34987,27,38,779,'0'),(34988,27,38,780,'6'),(34989,27,38,781,'0'),(34990,27,38,782,'0'),(34991,27,38,783,'0'),(34992,27,38,784,'132'),(34993,27,38,785,'0'),(34994,27,38,786,'0'),(34995,27,38,787,'238'),(34996,27,38,788,'0'),(34997,27,38,789,'47'),(34998,27,38,790,'0'),(34999,27,38,791,'2'),(35000,27,38,792,'0'),(35001,27,38,793,'30'),(35002,27,38,794,'11'),(35003,27,38,795,'2'),(35004,27,38,796,'0'),(35005,27,38,797,'0'),(35006,27,38,798,'0'),(35007,27,38,799,'0'),(35008,27,38,800,'0'),(35009,27,38,801,'0'),(35010,27,38,802,'0'),(35011,27,38,803,'0'),(35012,27,38,804,'0'),(35013,27,39,758,'39'),(35014,27,39,759,'68'),(35015,27,39,760,'79'),(35016,27,39,761,'40'),(35017,27,39,762,'1'),(35018,27,39,763,'4'),(35019,27,39,764,'0'),(35020,27,39,765,'0'),(35021,27,39,766,'0'),(35022,27,39,767,'2'),(35023,27,39,768,'6'),(35024,27,39,769,'0'),(35025,27,39,770,'0'),(35026,27,39,771,'0'),(35027,27,39,772,'0'),(35028,27,39,773,'1'),(35029,27,39,774,'0'),(35030,27,39,775,'17'),(35031,27,39,776,'218'),(35032,27,39,777,'0'),(35033,27,39,778,'0'),(35034,27,39,779,'5'),(35035,27,39,780,'10'),(35036,27,39,781,'0'),(35037,27,39,782,'0'),(35038,27,39,783,'0'),(35039,27,39,784,'315'),(35040,27,39,785,'0'),(35041,27,39,786,'0'),(35042,27,39,787,'163'),(35043,27,39,788,'0'),(35044,27,39,789,'95'),(35045,27,39,790,'0'),(35046,27,39,791,'0'),(35047,27,39,792,'0'),(35048,27,39,793,'37'),(35049,27,39,794,'11'),(35050,27,39,795,'1'),(35051,27,39,796,'0'),(35052,27,39,797,'0'),(35053,27,39,798,'0'),(35054,27,39,799,'0'),(35055,27,39,800,'0'),(35056,27,39,801,'0'),(35057,27,39,802,'0'),(35058,27,39,803,'0'),(35059,27,39,804,'0'),(35060,27,40,758,'40'),(35061,27,40,759,'70.7'),(35062,27,40,760,'81'),(35063,27,40,761,'62'),(35064,27,40,762,'2'),(35065,27,40,763,'4'),(35066,27,40,764,'1'),(35067,27,40,765,'1'),(35068,27,40,766,'0'),(35069,27,40,767,'1'),(35070,27,40,768,'6'),(35071,27,40,769,'0'),(35072,27,40,770,'0'),(35073,27,40,771,'0'),(35074,27,40,772,'0'),(35075,27,40,773,'3'),(35076,27,40,774,'0'),(35077,27,40,775,'21'),(35078,27,40,776,'193'),(35079,27,40,777,'0'),(35080,27,40,778,'0'),(35081,27,40,779,'4'),(35082,27,40,780,'14'),(35083,27,40,781,'0'),(35084,27,40,782,'0'),(35085,27,40,783,'0'),(35086,27,40,784,'234'),(35087,27,40,785,'0'),(35088,27,40,786,'0'),(35089,27,40,787,'170'),(35090,27,40,788,'0'),(35091,27,40,789,'56'),(35092,27,40,790,'0'),(35093,27,40,791,'0'),(35094,27,40,792,'0'),(35095,27,40,793,'49'),(35096,27,40,794,'38'),(35097,27,40,795,'4'),(35098,27,40,796,'0'),(35099,27,40,797,'0'),(35100,27,40,798,'0'),(35101,27,40,799,'5'),(35102,27,40,800,'0'),(35103,27,40,801,'0'),(35104,27,40,802,'0'),(35105,27,40,803,'0'),(35106,27,40,804,'0'),(35107,27,41,758,'41'),(35108,27,41,759,'75'),(35109,27,41,760,'87'),(35110,27,41,761,'52'),(35111,27,41,762,'1'),(35112,27,41,763,'6'),(35113,27,41,764,'1'),(35114,27,41,765,'8'),(35115,27,41,766,'0'),(35116,27,41,767,'1'),(35117,27,41,768,'5'),(35118,27,41,769,'0'),(35119,27,41,770,'0'),(35120,27,41,771,'0'),(35121,27,41,772,'0'),(35122,27,41,773,'1'),(35123,27,41,774,'0'),(35124,27,41,775,'28'),(35125,27,41,776,'145'),(35126,27,41,777,'0'),(35127,27,41,778,'0'),(35128,27,41,779,'2'),(35129,27,41,780,'12'),(35130,27,41,781,'0'),(35131,27,41,782,'0'),(35132,27,41,783,'0'),(35133,27,41,784,'363'),(35134,27,41,785,'0'),(35135,27,41,786,'0'),(35136,27,41,787,'248'),(35137,27,41,788,'0'),(35138,27,41,789,'48'),(35139,27,41,790,'0'),(35140,27,41,791,'0'),(35141,27,41,792,'0'),(35142,27,41,793,'42'),(35143,27,41,794,'18'),(35144,27,41,795,'15'),(35145,27,41,796,'0'),(35146,27,41,797,'0'),(35147,27,41,798,'0'),(35148,27,41,799,'0'),(35149,27,41,800,'0'),(35150,27,41,801,'0'),(35151,27,41,802,'0'),(35152,27,41,803,'0'),(35153,27,41,804,'0'),(35154,27,42,758,'42'),(35155,27,42,759,'78.1'),(35156,27,42,760,'90'),(35157,27,42,761,'27'),(35158,27,42,762,'2'),(35159,27,42,763,'7'),(35160,27,42,764,'1'),(35161,27,42,765,'2'),(35162,27,42,766,'0'),(35163,27,42,767,'1'),(35164,27,42,768,'8'),(35165,27,42,769,'0'),(35166,27,42,770,'0'),(35167,27,42,771,'0'),(35168,27,42,772,'1'),(35169,27,42,773,'0'),(35170,27,42,774,'0'),(35171,27,42,775,'28'),(35172,27,42,776,'66'),(35173,27,42,777,'0'),(35174,27,42,778,'0'),(35175,27,42,779,'0'),(35176,27,42,780,'4'),(35177,27,42,781,'0'),(35178,27,42,782,'0'),(35179,27,42,783,'0'),(35180,27,42,784,'472'),(35181,27,42,785,'0'),(35182,27,42,786,'3'),(35183,27,42,787,'178'),(35184,27,42,788,'0'),(35185,27,42,789,'78'),(35186,27,42,790,'0'),(35187,27,42,791,'3'),(35188,27,42,792,'0'),(35189,27,42,793,'34'),(35190,27,42,794,'11'),(35191,27,42,795,'35'),(35192,27,42,796,'0'),(35193,27,42,797,'0'),(35194,27,42,798,'0'),(35195,27,42,799,'0'),(35196,27,42,800,'0'),(35197,27,42,801,'0'),(35198,27,42,802,'0'),(35199,27,42,803,'0'),(35200,27,42,804,'2'),(35201,27,43,758,'43'),(35202,27,43,759,'82.2'),(35203,27,43,760,'94'),(35204,27,43,761,'14'),(35205,27,43,762,'4'),(35206,27,43,763,'7'),(35207,27,43,764,'1'),(35208,27,43,765,'4'),(35209,27,43,766,'0'),(35210,27,43,767,'0'),(35211,27,43,768,'8'),(35212,27,43,769,'0'),(35213,27,43,770,'0'),(35214,27,43,771,'0'),(35215,27,43,772,'0'),(35216,27,43,773,'0'),(35217,27,43,774,'0'),(35218,27,43,775,'24'),(35219,27,43,776,'23'),(35220,27,43,777,'0'),(35221,27,43,778,'0'),(35222,27,43,779,'1'),(35223,27,43,780,'13'),(35224,27,43,781,'6'),(35225,27,43,782,'0'),(35226,27,43,783,'0'),(35227,27,43,784,'573'),(35228,27,43,785,'0'),(35229,27,43,786,'1'),(35230,27,43,787,'137'),(35231,27,43,788,'0'),(35232,27,43,789,'141'),(35233,27,43,790,'1'),(35234,27,43,791,'0'),(35235,27,43,792,'0'),(35236,27,43,793,'40'),(35237,27,43,794,'12'),(35238,27,43,795,'4'),(35239,27,43,796,'0'),(35240,27,43,797,'0'),(35241,27,43,798,'0'),(35242,27,43,799,'0'),(35243,27,43,800,'2'),(35244,27,43,801,'0'),(35245,27,43,802,'0'),(35246,27,43,803,'0'),(35247,27,43,804,'6'),(35248,27,44,758,'44'),(35249,27,44,759,'113.8'),(35250,27,44,760,'125'),(35251,27,44,761,'52'),(35252,27,44,762,'2'),(35253,27,44,763,'4'),(35254,27,44,764,'1'),(35255,27,44,765,'3'),(35256,27,44,766,'0'),(35257,27,44,767,'0'),(35258,27,44,768,'10'),(35259,27,44,769,'0'),(35260,27,44,770,'0'),(35261,27,44,771,'0'),(35262,27,44,772,'1'),(35263,27,44,773,'1'),(35264,27,44,774,'0'),(35265,27,44,775,'28'),(35266,27,44,776,'153'),(35267,27,44,777,'0'),(35268,27,44,778,'0'),(35269,27,44,779,'0'),(35270,27,44,780,'6'),(35271,27,44,781,'0'),(35272,27,44,782,'0'),(35273,27,44,783,'0'),(35274,27,44,784,'210'),(35275,27,44,785,'1'),(35276,27,44,786,'0'),(35277,27,44,787,'266'),(35278,27,44,788,'0'),(35279,27,44,789,'19'),(35280,27,44,790,'0'),(35281,27,44,791,'7'),(35282,27,44,792,'0'),(35283,27,44,793,'38'),(35284,27,44,794,'7'),(35285,27,44,795,'2'),(35286,27,44,796,'0'),(35287,27,44,797,'0'),(35288,27,44,798,'0'),(35289,27,44,799,'3'),(35290,27,44,800,'0'),(35291,27,44,801,'0'),(35292,27,44,802,'0'),(35293,27,44,803,'0'),(35294,27,44,804,'0'),(35295,28,1,805,'-61'),(35296,28,1,806,'0'),(35297,28,1,807,'2'),(35298,28,1,808,'25.3012'),(35299,28,1,809,'6.506'),(35300,28,1,810,'1.2048'),(35301,28,1,811,'27.4699'),(35302,28,1,812,'22.4096'),(35303,28,1,813,'2.1687'),(35304,28,1,814,'0.241'),(35305,28,1,815,'0.241'),(35306,28,1,816,'0.4819'),(35307,28,1,817,'0.7229'),(35308,28,1,818,'0'),(35309,28,1,819,'1.4458'),(35310,28,1,820,'5.5422'),(35311,28,1,821,'4.5783'),(35312,28,1,822,'0.9639'),(35313,28,2,805,'-40'),(35314,28,2,806,'1'),(35315,28,2,807,'3'),(35316,28,2,808,'32.9177'),(35317,28,2,809,'7.4813'),(35318,28,2,810,'0.2494'),(35319,28,2,811,'18.2045'),(35320,28,2,812,'22.4439'),(35321,28,2,813,'1.2469'),(35322,28,2,814,'0.4988'),(35323,28,2,815,'0.2494'),(35324,28,2,816,'0.2494'),(35325,28,2,817,'0.4988'),(35326,28,2,818,'0.2494'),(35327,28,2,819,'0.4988'),(35328,28,2,820,'9.9751'),(35329,28,2,821,'2.9925'),(35330,28,2,822,'0.9975'),(35331,28,3,805,'1'),(35332,28,3,806,'3'),(35333,28,3,807,'5'),(35334,28,3,808,'29.7297'),(35335,28,3,809,'6.1425'),(35336,28,3,810,'0.9828'),(35337,28,3,811,'25.0614'),(35338,28,3,812,'16.7076'),(35339,28,3,813,'2.2113'),(35340,28,3,814,'0.7371'),(35341,28,3,815,'0.4914'),(35342,28,3,816,'0.9828'),(35343,28,3,817,'0.4914'),(35344,28,3,818,'0.4914'),(35345,28,3,819,'0.4914'),(35346,28,3,820,'9.0909'),(35347,28,3,821,'3.4398'),(35348,28,3,822,'0.4914'),(35349,28,4,805,'22'),(35350,28,4,806,'4'),(35351,28,4,807,'6'),(35352,28,4,808,'30.7692'),(35353,28,4,809,'14.1439'),(35354,28,4,810,'0.7444'),(35355,28,4,811,'17.3697'),(35356,28,4,812,'15.8809'),(35357,28,4,813,'1.2407'),(35358,28,4,814,'0.2481'),(35359,28,4,815,'0'),(35360,28,4,816,'0.9926'),(35361,28,4,817,'0'),(35362,28,4,818,'0.4963'),(35363,28,4,819,'0.7444'),(35364,28,4,820,'9.4293'),(35365,28,4,821,'6.9479'),(35366,28,4,822,'0'),(35367,28,5,805,'43'),(35368,28,5,806,'5'),(35369,28,5,807,'7'),(35370,28,5,808,'31.9712'),(35371,28,5,809,'9.1346'),(35372,28,5,810,'0.4808'),(35373,28,5,811,'18.2692'),(35374,28,5,812,'18.5096'),(35375,28,5,813,'1.4423'),(35376,28,5,814,'0.7212'),(35377,28,5,815,'0.2404'),(35378,28,5,816,'0.9615'),(35379,28,5,817,'0.4808'),(35380,28,5,818,'0.2404'),(35381,28,5,819,'0.4808'),(35382,28,5,820,'10.5769'),(35383,28,5,821,'3.6058'),(35384,28,5,822,'0.4808'),(35385,28,6,805,'66'),(35386,28,6,806,'6'),(35387,28,6,807,'8'),(35388,28,6,808,'32.4937'),(35389,28,6,809,'10.3275'),(35390,28,6,810,'0.7557'),(35391,28,6,811,'14.6096'),(35392,28,6,812,'11.0831'),(35393,28,6,813,'1.5113'),(35394,28,6,814,'0.5038'),(35395,28,6,815,'0.2519'),(35396,28,6,816,'1.2594'),(35397,28,6,817,'0'),(35398,28,6,818,'0.7557'),(35399,28,6,819,'0.7557'),(35400,28,6,820,'13.3501'),(35401,28,6,821,'9.068'),(35402,28,6,822,'1.7632'),(35403,28,7,805,'113'),(35404,28,7,806,'8'),(35405,28,7,807,'10'),(35406,28,7,808,'48.6081'),(35407,28,7,809,'6.424'),(35408,28,7,810,'0.6424'),(35409,28,7,811,'10.0642'),(35410,28,7,812,'13.4904'),(35411,28,7,813,'1.9272'),(35412,28,7,814,'0.4283'),(35413,28,7,815,'0'),(35414,28,7,816,'0.8565'),(35415,28,7,817,'0.4283'),(35416,28,7,818,'0.4283'),(35417,28,7,819,'0.6424'),(35418,28,7,820,'7.0664'),(35419,28,7,821,'6.8522'),(35420,28,7,822,'0.2141'),(35421,28,8,805,'160'),(35422,28,8,806,'10'),(35423,28,8,807,'12'),(35424,28,8,808,'40.5'),(35425,28,8,809,'13'),(35426,28,8,810,'0.25'),(35427,28,8,811,'16'),(35428,28,8,812,'9'),(35429,28,8,813,'4.75'),(35430,28,8,814,'0.25'),(35431,28,8,815,'0.25'),(35432,28,8,816,'0.25'),(35433,28,8,817,'0.5'),(35434,28,8,818,'0.5'),(35435,28,8,819,'1'),(35436,28,8,820,'5.75'),(35437,28,8,821,'5.5'),(35438,28,8,822,'0'),(35439,28,9,805,'220'),(35440,28,9,806,'12'),(35441,28,9,807,'14'),(35442,28,9,808,'39.5522'),(35443,28,9,809,'13.6816'),(35444,28,9,810,'0.995'),(35445,28,9,811,'10.4478'),(35446,28,9,812,'11.194'),(35447,28,9,813,'5.2239'),(35448,28,9,814,'0'),(35449,28,9,815,'0.2488'),(35450,28,9,816,'0'),(35451,28,9,817,'0.995'),(35452,28,9,818,'0.4975'),(35453,28,9,819,'0.995'),(35454,28,9,820,'4.4776'),(35455,28,9,821,'6.4677'),(35456,28,9,822,'1.99'),(35457,28,10,805,'278'),(35458,28,10,806,'14'),(35459,28,10,807,'16'),(35460,28,10,808,'44.8529'),(35461,28,10,809,'14.7059'),(35462,28,10,810,'0.7353'),(35463,28,10,811,'9.8039'),(35464,28,10,812,'8.5784'),(35465,28,10,813,'4.1667'),(35466,28,10,814,'0.2451'),(35467,28,10,815,'0.4902'),(35468,28,10,816,'0.9804'),(35469,28,10,817,'0.2451'),(35470,28,10,818,'1.2255'),(35471,28,10,819,'0.4902'),(35472,28,10,820,'7.1078'),(35473,28,10,821,'3.6765'),(35474,28,10,822,'0.4902'),(35475,28,11,805,'340'),(35476,28,11,806,'16'),(35477,28,11,807,'18'),(35478,28,11,808,'45.6221'),(35479,28,11,809,'10.8295'),(35480,28,11,810,'0.9217'),(35481,28,11,811,'9.6774'),(35482,28,11,812,'13.3641'),(35483,28,11,813,'2.9954'),(35484,28,11,814,'0.9217'),(35485,28,11,815,'0.6912'),(35486,28,11,816,'0.4608'),(35487,28,11,817,'1.1521'),(35488,28,11,818,'0.2304'),(35489,28,11,819,'0.9217'),(35490,28,11,820,'5.7604'),(35491,28,11,821,'4.3779'),(35492,28,11,822,'0.6912'),(35493,28,12,805,'372'),(35494,28,12,806,'17'),(35495,28,12,807,'19'),(35496,28,12,808,'48.9157'),(35497,28,12,809,'9.3976'),(35498,28,12,810,'1.2048'),(35499,28,12,811,'10.6024'),(35500,28,12,812,'11.3253'),(35501,28,12,813,'2.6506'),(35502,28,12,814,'0.241'),(35503,28,12,815,'0'),(35504,28,12,816,'1.2048'),(35505,28,12,817,'0.241'),(35506,28,12,818,'0'),(35507,28,12,819,'0.241'),(35508,28,12,820,'7.4699'),(35509,28,12,821,'5.0602'),(35510,28,12,822,'0.4819'),(35511,28,13,805,'403'),(35512,28,13,806,'18'),(35513,28,13,807,'20'),(35514,28,13,808,'47.2772'),(35515,28,13,809,'10.8911'),(35516,28,13,810,'0.495'),(35517,28,13,811,'11.1386'),(35518,28,13,812,'9.4059'),(35519,28,13,813,'2.7228'),(35520,28,13,814,'0.495'),(35521,28,13,815,'0'),(35522,28,13,816,'0.7426'),(35523,28,13,817,'0.495'),(35524,28,13,818,'0.7426'),(35525,28,13,819,'1.9802'),(35526,28,13,820,'3.4653'),(35527,28,13,821,'3.7129'),(35528,28,13,822,'3.2178'),(35529,28,14,805,'466'),(35530,28,14,806,'20'),(35531,28,14,807,'22'),(35532,28,14,808,'41.0628'),(35533,28,14,809,'14.2512'),(35534,28,14,810,'0.2415'),(35535,28,14,811,'11.3527'),(35536,28,14,812,'10.3865'),(35537,28,14,813,'2.4155'),(35538,28,14,814,'1.2077'),(35539,28,14,815,'0'),(35540,28,14,816,'0.9662'),(35541,28,14,817,'1.2077'),(35542,28,14,818,'0.9662'),(35543,28,14,819,'1.6908'),(35544,28,14,820,'7.2464'),(35545,28,14,821,'3.6232'),(35546,28,14,822,'0.9662'),(35547,28,15,805,'501'),(35548,28,15,806,'21'),(35549,28,15,807,'23'),(35550,28,15,808,'48.5915'),(35551,28,15,809,'6.338'),(35552,28,15,810,'0.4695'),(35553,28,15,811,'14.7887'),(35554,28,15,812,'12.6761'),(35555,28,15,813,'0.2347'),(35556,28,15,814,'0.2347'),(35557,28,15,815,'0.7042'),(35558,28,15,816,'1.8779'),(35559,28,15,817,'1.1737'),(35560,28,15,818,'0.4695'),(35561,28,15,819,'1.1737'),(35562,28,15,820,'5.8685'),(35563,28,15,821,'3.2864'),(35564,28,15,822,'0'),(35565,28,16,805,'538'),(35566,28,16,806,'22'),(35567,28,16,807,'24'),(35568,28,16,808,'47.7723'),(35569,28,16,809,'9.6535'),(35570,28,16,810,'0.495'),(35571,28,16,811,'12.3762'),(35572,28,16,812,'9.4059'),(35573,28,16,813,'2.9703'),(35574,28,16,814,'0.2475'),(35575,28,16,815,'0'),(35576,28,16,816,'0.2475'),(35577,28,16,817,'1.9802'),(35578,28,16,818,'0.495'),(35579,28,16,819,'0.9901'),(35580,28,16,820,'6.1881'),(35581,28,16,821,'3.2178'),(35582,28,16,822,'1.7327'),(35583,28,17,805,'574'),(35584,28,17,806,'23'),(35585,28,17,807,'25'),(35586,28,17,808,'49.3671'),(35587,28,17,809,'8.6076'),(35588,28,17,810,'0.2532'),(35589,28,17,811,'13.4177'),(35590,28,17,812,'6.8354'),(35591,28,17,813,'2.0253'),(35592,28,17,814,'0.7595'),(35593,28,17,815,'0.5063'),(35594,28,17,816,'1.0127'),(35595,28,17,817,'0.7595'),(35596,28,17,818,'1.0127'),(35597,28,17,819,'1.519'),(35598,28,17,820,'9.6203'),(35599,28,17,821,'2.7848'),(35600,28,17,822,'0'),(35601,28,18,805,'611'),(35602,28,18,806,'24'),(35603,28,18,807,'26'),(35604,28,18,808,'49.0521'),(35605,28,18,809,'9.4787'),(35606,28,18,810,'0.237'),(35607,28,18,811,'12.0853'),(35608,28,18,812,'12.5592'),(35609,28,18,813,'3.5545'),(35610,28,18,814,'0'),(35611,28,18,815,'0.237'),(35612,28,18,816,'0.7109'),(35613,28,18,817,'1.4218'),(35614,28,18,818,'1.1848'),(35615,28,18,819,'1.6588'),(35616,28,18,820,'3.3175'),(35617,28,18,821,'1.8957'),(35618,28,18,822,'0'),(35619,28,19,805,'647'),(35620,28,19,806,'25'),(35621,28,19,807,'27'),(35622,28,19,808,'49.3671'),(35623,28,19,809,'8.6076'),(35624,28,19,810,'0.2532'),(35625,28,19,811,'13.4177'),(35626,28,19,812,'6.8354'),(35627,28,19,813,'2.0253'),(35628,28,19,814,'0.7595'),(35629,28,19,815,'0.5063'),(35630,28,19,816,'1.0127'),(35631,28,19,817,'0.7595'),(35632,28,19,818,'1.0127'),(35633,28,19,819,'1.519'),(35634,28,19,820,'9.6203'),(35635,28,19,821,'2.7848'),(35636,28,19,822,'0'),(35637,28,20,805,'680'),(35638,28,20,806,'26'),(35639,28,20,807,'28'),(35640,28,20,808,'53.7713'),(35641,28,20,809,'6.326'),(35642,28,20,810,'0'),(35643,28,20,811,'12.1655'),(35644,28,20,812,'8.0292'),(35645,28,20,813,'2.6764'),(35646,28,20,814,'0.9732'),(35647,28,20,815,'0'),(35648,28,20,816,'0.2433'),(35649,28,20,817,'0.9732'),(35650,28,20,818,'1.2165'),(35651,28,20,819,'2.1898'),(35652,28,20,820,'4.3796'),(35653,28,20,821,'6.0827'),(35654,28,20,822,'0.2433'),(35655,28,21,805,'746'),(35656,28,21,806,'28'),(35657,28,21,807,'30'),(35658,28,21,808,'48.184'),(35659,28,21,809,'10.4116'),(35660,28,21,810,'0'),(35661,28,21,811,'14.2857'),(35662,28,21,812,'7.9903'),(35663,28,21,813,'2.4213'),(35664,28,21,814,'0.7264'),(35665,28,21,815,'0'),(35666,28,21,816,'0.2421'),(35667,28,21,817,'0.9685'),(35668,28,21,818,'0.7264'),(35669,28,21,819,'1.937'),(35670,28,21,820,'5.8111'),(35671,28,21,821,'2.1792'),(35672,28,21,822,'2.6634'),(35673,28,22,805,'812'),(35674,28,22,806,'30'),(35675,28,22,807,'32'),(35676,28,22,808,'42.2803'),(35677,28,22,809,'10.9264'),(35678,28,22,810,'0.2375'),(35679,28,22,811,'11.639'),(35680,28,22,812,'8.7886'),(35681,28,22,813,'2.6128'),(35682,28,22,814,'0.2375'),(35683,28,22,815,'0.7126'),(35684,28,22,816,'0.4751'),(35685,28,22,817,'1.1876'),(35686,28,22,818,'0.7126'),(35687,28,22,819,'2.6128'),(35688,28,22,820,'10.4513'),(35689,28,22,821,'3.3254'),(35690,28,22,822,'1.1876'),(35691,28,23,805,'893'),(35692,28,23,806,'32'),(35693,28,23,807,'34'),(35694,28,23,808,'43.75'),(35695,28,23,809,'11.0577'),(35696,28,23,810,'0'),(35697,28,23,811,'12.5'),(35698,28,23,812,'6.7308'),(35699,28,23,813,'2.1635'),(35700,28,23,814,'0.2404'),(35701,28,23,815,'0.2404'),(35702,28,23,816,'0'),(35703,28,23,817,'0.9615'),(35704,28,23,818,'0.7212'),(35705,28,23,819,'1.6827'),(35706,28,23,820,'13.2212'),(35707,28,23,821,'3.6058'),(35708,28,23,822,'1.9231'),(35709,28,24,805,'975'),(35710,28,24,806,'34'),(35711,28,24,807,'36'),(35712,28,24,808,'47.0024'),(35713,28,24,809,'7.6739'),(35714,28,24,810,'0.2398'),(35715,28,24,811,'10.0719'),(35716,28,24,812,'9.8321'),(35717,28,24,813,'1.9185'),(35718,28,24,814,'0.2398'),(35719,28,24,815,'0.4796'),(35720,28,24,816,'0.4796'),(35721,28,24,817,'0.2398'),(35722,28,24,818,'0.9592'),(35723,28,24,819,'2.1583'),(35724,28,24,820,'7.6739'),(35725,28,24,821,'8.1535'),(35726,28,24,822,'0'),(35727,28,25,805,'1044'),(35728,28,25,806,'36'),(35729,28,25,807,'38'),(35730,28,25,808,'46.3415'),(35731,28,25,809,'7.561'),(35732,28,25,810,'0.7317'),(35733,28,25,811,'12.439'),(35734,28,25,812,'9.5122'),(35735,28,25,813,'3.9024'),(35736,28,25,814,'0.9756'),(35737,28,25,815,'1.2195'),(35738,28,25,816,'0'),(35739,28,25,817,'0.2439'),(35740,28,25,818,'0.9756'),(35741,28,25,819,'1.4634'),(35742,28,25,820,'8.2927'),(35743,28,25,821,'4.6341'),(35744,28,25,822,'0.4878'),(35745,28,26,805,'1103'),(35746,28,26,806,'38'),(35747,28,26,807,'40'),(35748,28,26,808,'52.1226'),(35749,28,26,809,'6.1321'),(35750,28,26,810,'0.2358'),(35751,28,26,811,'9.1981'),(35752,28,26,812,'7.3113'),(35753,28,26,813,'2.3585'),(35754,28,26,814,'0.2358'),(35755,28,26,815,'0.4717'),(35756,28,26,816,'0.7075'),(35757,28,26,817,'1.1792'),(35758,28,26,818,'1.1792'),(35759,28,26,819,'1.1792'),(35760,28,26,820,'6.6038'),(35761,28,26,821,'6.3679'),(35762,28,26,822,'2.1226'),(35763,28,27,805,'1162'),(35764,28,27,806,'40'),(35765,28,27,807,'42'),(35766,28,27,808,'50.9901'),(35767,28,27,809,'9.1584'),(35768,28,27,810,'0.2475'),(35769,28,27,811,'12.3762'),(35770,28,27,812,'8.9109'),(35771,28,27,813,'1.4851'),(35772,28,27,814,'1.7327'),(35773,28,27,815,'0.2475'),(35774,28,27,816,'1.7327'),(35775,28,27,817,'1.4851'),(35776,28,27,818,'0.495'),(35777,28,27,819,'1.2376'),(35778,28,27,820,'3.9604'),(35779,28,27,821,'3.4653'),(35780,28,27,822,'1.2376'),(35781,28,28,805,'1310'),(35782,28,28,806,'42'),(35783,28,28,807,'44'),(35784,28,28,808,'43.6451'),(35785,28,28,809,'8.8729'),(35786,28,28,810,'0'),(35787,28,28,811,'10.0719'),(35788,28,28,812,'11.9904'),(35789,28,28,813,'2.6379'),(35790,28,28,814,'0.7194'),(35791,28,28,815,'0.4796'),(35792,28,28,816,'1.4388'),(35793,28,28,817,'1.199'),(35794,28,28,818,'0.7194'),(35795,28,28,819,'3.1175'),(35796,28,28,820,'4.3165'),(35797,28,28,821,'5.9952'),(35798,28,28,822,'2.8777'),(35799,28,29,805,'1383'),(35800,28,29,806,'43'),(35801,28,29,807,'45'),(35802,28,29,808,'51.1278'),(35803,28,29,809,'4.5113'),(35804,28,29,810,'0'),(35805,28,29,811,'14.5363'),(35806,28,29,812,'11.2782'),(35807,28,29,813,'2.5063'),(35808,28,29,814,'0.5013'),(35809,28,29,815,'0'),(35810,28,29,816,'1.0025'),(35811,28,29,817,'1.0025'),(35812,28,29,818,'0.7519'),(35813,28,29,819,'1.0025'),(35814,28,29,820,'5.7644'),(35815,28,29,821,'3.7594'),(35816,28,29,822,'0.2506'),(35817,28,30,805,'1457'),(35818,28,30,806,'44'),(35819,28,30,807,'46'),(35820,28,30,808,'43.7811'),(35821,28,30,809,'6.9652'),(35822,28,30,810,'0.7463'),(35823,28,30,811,'12.6866'),(35824,28,30,812,'10.199'),(35825,28,30,813,'1.99'),(35826,28,30,814,'10.9453'),(35827,28,30,815,'0'),(35828,28,30,816,'0.4975'),(35829,28,30,817,'0.7463'),(35830,28,30,818,'0.995'),(35831,28,30,819,'0.7463'),(35832,28,30,820,'3.9801'),(35833,28,30,821,'4.9751'),(35834,28,30,822,'0.2488'),(35835,28,31,805,'1554'),(35836,28,31,806,'46'),(35837,28,31,807,'48'),(35838,28,31,808,'54.1667'),(35839,28,31,809,'6.1275'),(35840,28,31,810,'0'),(35841,28,31,811,'12.0098'),(35842,28,31,812,'6.8627'),(35843,28,31,813,'0.7353'),(35844,28,31,814,'0.2451'),(35845,28,31,815,'0.2451'),(35846,28,31,816,'0.9804'),(35847,28,31,817,'0.7353'),(35848,28,31,818,'0.7353'),(35849,28,31,819,'0.9804'),(35850,28,31,820,'10.049'),(35851,28,31,821,'4.902'),(35852,28,31,822,'0.4902'),(35853,28,32,805,'1599'),(35854,28,32,806,'47.9'),(35855,28,32,807,'64'),(35856,28,32,808,'45.122'),(35857,28,32,809,'2.9268'),(35858,28,32,810,'0'),(35859,28,32,811,'10'),(35860,28,32,812,'9.0244'),(35861,28,32,813,'2.9268'),(35862,28,32,814,'0'),(35863,28,32,815,'0.2439'),(35864,28,32,816,'0.4878'),(35865,28,32,817,'0'),(35866,28,32,818,'9.5122'),(35867,28,32,819,'4.6341'),(35868,28,32,820,'9.0244'),(35869,28,32,821,'2.439'),(35870,28,32,822,'0.4878'),(35871,28,33,805,'1601'),(35872,28,33,806,'48'),(35873,28,33,807,'50'),(35874,28,33,808,'41.5584'),(35875,28,33,809,'9.8701'),(35876,28,33,810,'0'),(35877,28,33,811,'14.026'),(35878,28,33,812,'9.3506'),(35879,28,33,813,'3.1169'),(35880,28,33,814,'0.7792'),(35881,28,33,815,'0.2597'),(35882,28,33,816,'0'),(35883,28,33,817,'0.2597'),(35884,28,33,818,'1.039'),(35885,28,33,819,'0.5195'),(35886,28,33,820,'11.4286'),(35887,28,33,821,'4.9351'),(35888,28,33,822,'1.039'),(35889,28,34,805,'1662'),(35890,28,34,806,'50.5'),(35891,28,34,807,'66'),(35892,28,34,808,'46.0094'),(35893,28,34,809,'3.2864'),(35894,28,34,810,'0'),(35895,28,34,811,'7.9812'),(35896,28,34,812,'9.6244'),(35897,28,34,813,'3.9906'),(35898,28,34,814,'0.4695'),(35899,28,34,815,'0.7042'),(35900,28,34,816,'0.2347'),(35901,28,34,817,'0.4695'),(35902,28,34,818,'7.9812'),(35903,28,34,819,'5.6338'),(35904,28,34,820,'10.3286'),(35905,28,34,821,'1.8779'),(35906,28,34,822,'0.2347'),(35907,28,35,805,'1760'),(35908,28,35,806,'54.6'),(35909,28,35,807,'69'),(35910,28,35,808,'55.7178'),(35911,28,35,809,'8.7591'),(35912,28,35,810,'0'),(35913,28,35,811,'5.3528'),(35914,28,35,812,'10.219'),(35915,28,35,813,'1.9465'),(35916,28,35,814,'0'),(35917,28,35,815,'0'),(35918,28,35,816,'0.7299'),(35919,28,35,817,'0.4866'),(35920,28,35,818,'1.2165'),(35921,28,35,819,'2.4331'),(35922,28,35,820,'11.1922'),(35923,28,35,821,'0.9732'),(35924,28,35,822,'0'),(35925,28,36,805,'1828'),(35926,28,36,806,'57.3'),(35927,28,36,807,'71'),(35928,28,36,808,'47.1264'),(35929,28,36,809,'5.7471'),(35930,28,36,810,'0.2299'),(35931,28,36,811,'7.1264'),(35932,28,36,812,'16.092'),(35933,28,36,813,'0.9195'),(35934,28,36,814,'0.2299'),(35935,28,36,815,'0.2299'),(35936,28,36,816,'0.6897'),(35937,28,36,817,'0.9195'),(35938,28,36,818,'0.4598'),(35939,28,36,819,'1.1494'),(35940,28,36,820,'15.6322'),(35941,28,36,821,'2.069'),(35942,28,36,822,'0'),(35943,28,37,805,'1928'),(35944,28,37,806,'61.3'),(35945,28,37,807,'74'),(35946,28,37,808,'59.25'),(35947,28,37,809,'9.25'),(35948,28,37,810,'0'),(35949,28,37,811,'6'),(35950,28,37,812,'9.25'),(35951,28,37,813,'2.75'),(35952,28,37,814,'0'),(35953,28,37,815,'0.25'),(35954,28,37,816,'0.25'),(35955,28,37,817,'0.5'),(35956,28,37,818,'0.25'),(35957,28,37,819,'2'),(35958,28,37,820,'8'),(35959,28,37,821,'1.5'),(35960,28,37,822,'0'),(35961,28,38,805,'1993'),(35962,28,38,806,'63.9'),(35963,28,38,807,'76'),(35964,28,38,808,'58.9109'),(35965,28,38,809,'4.2079'),(35966,28,38,810,'0'),(35967,28,38,811,'7.9208'),(35968,28,38,812,'7.4257'),(35969,28,38,813,'2.7228'),(35970,28,38,814,'0.9901'),(35971,28,38,815,'0'),(35972,28,38,816,'0.495'),(35973,28,38,817,'1.4851'),(35974,28,38,818,'0'),(35975,28,38,819,'1.4851'),(35976,28,38,820,'11.6337'),(35977,28,38,821,'1.4851'),(35978,28,38,822,'0'),(35979,28,39,805,'2082'),(35980,28,39,806,'68'),(35981,28,39,807,'79'),(35982,28,39,808,'41.4758'),(35983,28,39,809,'4.3257'),(35984,28,39,810,'1.2723'),(35985,28,39,811,'10.1781'),(35986,28,39,812,'9.4148'),(35987,28,39,813,'2.799'),(35988,28,39,814,'0.2545'),(35989,28,39,815,'0.5089'),(35990,28,39,816,'0.2545'),(35991,28,39,817,'1.0178'),(35992,28,39,818,'0'),(35993,28,39,819,'1.5267'),(35994,28,39,820,'24.173'),(35995,28,39,821,'2.5445'),(35996,28,39,822,'0'),(35997,28,40,805,'2137'),(35998,28,40,806,'70.7'),(35999,28,40,807,'81'),(36000,28,40,808,'38.9908'),(36001,28,40,809,'4.8165'),(36002,28,40,810,'0.9174'),(36003,28,40,811,'14.2202'),(36004,28,40,812,'11.2385'),(36005,28,40,813,'8.7156'),(36006,28,40,814,'0.6881'),(36007,28,40,815,'0.2294'),(36008,28,40,816,'0.9174'),(36009,28,40,817,'0.9174'),(36010,28,40,818,'0.2294'),(36011,28,40,819,'1.3761'),(36012,28,40,820,'12.844'),(36013,28,40,821,'3.211'),(36014,28,40,822,'0'),(36015,28,41,805,'2212'),(36016,28,41,806,'75'),(36017,28,41,807,'87'),(36018,28,41,808,'50.8197'),(36019,28,41,809,'5.7377'),(36020,28,41,810,'0.4098'),(36021,28,41,811,'10.6557'),(36022,28,41,812,'8.6066'),(36023,28,41,813,'3.6885'),(36024,28,41,814,'0.2049'),(36025,28,41,815,'0.2049'),(36026,28,41,816,'3.0738'),(36027,28,41,817,'1.2295'),(36028,28,41,818,'1.6393'),(36029,28,41,819,'1.0246'),(36030,28,41,820,'9.8361'),(36031,28,41,821,'2.459'),(36032,28,41,822,'0'),(36033,28,42,805,'2266'),(36034,28,42,806,'78.1'),(36035,28,42,807,'90'),(36036,28,42,808,'42.1801'),(36037,28,42,809,'6.6351'),(36038,28,42,810,'0'),(36039,28,42,811,'6.3981'),(36040,28,42,812,'8.0569'),(36041,28,42,813,'2.6066'),(36042,28,42,814,'0'),(36043,28,42,815,'0.237'),(36044,28,42,816,'8.2938'),(36045,28,42,817,'1.6588'),(36046,28,42,818,'0.4739'),(36047,28,42,819,'1.8957'),(36048,28,42,820,'18.4834'),(36049,28,42,821,'0.9479'),(36050,28,42,822,'0.4739'),(36051,28,43,805,'2340'),(36052,28,43,806,'82.2'),(36053,28,43,807,'94'),(36054,28,43,808,'32.8537'),(36055,28,43,809,'5.7554'),(36056,28,43,810,'0.2398'),(36057,28,43,811,'3.3573'),(36058,28,43,812,'9.5923'),(36059,28,43,813,'2.8777'),(36060,28,43,814,'0'),(36061,28,43,815,'0'),(36062,28,43,816,'0.9592'),(36063,28,43,817,'1.6787'),(36064,28,43,818,'0.9592'),(36065,28,43,819,'1.9185'),(36066,28,43,820,'33.8129'),(36067,28,43,821,'3.1175'),(36068,28,43,822,'1.4388'),(36069,28,44,805,'3183'),(36070,28,44,806,'113.8'),(36071,28,44,807,'125'),(36072,28,44,808,'59.5078'),(36073,28,44,809,'6.264'),(36074,28,44,810,'0'),(36075,28,44,811,'11.6331'),(36076,28,44,812,'8.5011'),(36077,28,44,813,'1.566'),(36078,28,44,814,'0.2237'),(36079,28,44,815,'0'),(36080,28,44,816,'0.4474'),(36081,28,44,817,'0.8949'),(36082,28,44,818,'0.6711'),(36083,28,44,819,'2.2371'),(36084,28,44,820,'4.2506'),(36085,28,44,821,'1.3423'),(36086,28,44,822,'0'),(36879,30,1,841,'-61'),(36880,30,1,842,'0'),(36881,30,1,843,'2'),(36882,30,1,844,'25.3012'),(36883,30,1,845,'6.506'),(36884,30,1,846,'1.2048'),(36885,30,1,847,'27.4699'),(36886,30,1,848,'22.4096'),(36887,30,1,849,'2.1687'),(36888,30,1,850,'0.241'),(36889,30,1,851,'0.241'),(36890,30,1,852,'0.4819'),(36891,30,1,853,'0.7229'),(36892,30,1,854,'0'),(36893,30,1,855,'1.4458'),(36894,30,1,856,'5.5422'),(36895,30,1,857,'4.5783'),(36896,30,1,858,'0.9639'),(36897,30,2,841,'-40'),(36898,30,2,842,'1'),(36899,30,2,843,'3'),(36900,30,2,844,'32.9177'),(36901,30,2,845,'7.4813'),(36902,30,2,846,'0.2494'),(36903,30,2,847,'18.2045'),(36904,30,2,848,'22.4439'),(36905,30,2,849,'1.2469'),(36906,30,2,850,'0.4988'),(36907,30,2,851,'0.2494'),(36908,30,2,852,'0.2494'),(36909,30,2,853,'0.4988'),(36910,30,2,854,'0.2494'),(36911,30,2,855,'0.4988'),(36912,30,2,856,'9.9751'),(36913,30,2,857,'2.9925'),(36914,30,2,858,'0.9975'),(36915,30,3,841,'1'),(36916,30,3,842,'3'),(36917,30,3,843,'5'),(36918,30,3,844,'29.7297'),(36919,30,3,845,'6.1425'),(36920,30,3,846,'0.9828'),(36921,30,3,847,'25.0614'),(36922,30,3,848,'16.7076'),(36923,30,3,849,'2.2113'),(36924,30,3,850,'0.7371'),(36925,30,3,851,'0.4914'),(36926,30,3,852,'0.9828'),(36927,30,3,853,'0.4914'),(36928,30,3,854,'0.4914'),(36929,30,3,855,'0.4914'),(36930,30,3,856,'9.0909'),(36931,30,3,857,'3.4398'),(36932,30,3,858,'0.4914'),(36933,30,4,841,'22'),(36934,30,4,842,'4'),(36935,30,4,843,'6'),(36936,30,4,844,'30.7692'),(36937,30,4,845,'14.1439'),(36938,30,4,846,'0.7444'),(36939,30,4,847,'17.3697'),(36940,30,4,848,'15.8809'),(36941,30,4,849,'1.2407'),(36942,30,4,850,'0.2481'),(36943,30,4,851,'0'),(36944,30,4,852,'0.9926'),(36945,30,4,853,'0'),(36946,30,4,854,'0.4963'),(36947,30,4,855,'0.7444'),(36948,30,4,856,'9.4293'),(36949,30,4,857,'6.9479'),(36950,30,4,858,'0'),(36951,30,5,841,'43'),(36952,30,5,842,'5'),(36953,30,5,843,'7'),(36954,30,5,844,'31.9712'),(36955,30,5,845,'9.1346'),(36956,30,5,846,'0.4808'),(36957,30,5,847,'18.2692'),(36958,30,5,848,'18.5096'),(36959,30,5,849,'1.4423'),(36960,30,5,850,'0.7212'),(36961,30,5,851,'0.2404'),(36962,30,5,852,'0.9615'),(36963,30,5,853,'0.4808'),(36964,30,5,854,'0.2404'),(36965,30,5,855,'0.4808'),(36966,30,5,856,'10.5769'),(36967,30,5,857,'3.6058'),(36968,30,5,858,'0.4808'),(36969,30,6,841,'66'),(36970,30,6,842,'6'),(36971,30,6,843,'8'),(36972,30,6,844,'32.4937'),(36973,30,6,845,'10.3275'),(36974,30,6,846,'0.7557'),(36975,30,6,847,'14.6096'),(36976,30,6,848,'11.0831'),(36977,30,6,849,'1.5113'),(36978,30,6,850,'0.5038'),(36979,30,6,851,'0.2519'),(36980,30,6,852,'1.2594'),(36981,30,6,853,'0'),(36982,30,6,854,'0.7557'),(36983,30,6,855,'0.7557'),(36984,30,6,856,'13.3501'),(36985,30,6,857,'9.068'),(36986,30,6,858,'1.7632'),(36987,30,7,841,'113'),(36988,30,7,842,'8'),(36989,30,7,843,'10'),(36990,30,7,844,'48.6081'),(36991,30,7,845,'6.424'),(36992,30,7,846,'0.6424'),(36993,30,7,847,'10.0642'),(36994,30,7,848,'13.4904'),(36995,30,7,849,'1.9272'),(36996,30,7,850,'0.4283'),(36997,30,7,851,'0'),(36998,30,7,852,'0.8565'),(36999,30,7,853,'0.4283'),(37000,30,7,854,'0.4283'),(37001,30,7,855,'0.6424'),(37002,30,7,856,'7.0664'),(37003,30,7,857,'6.8522'),(37004,30,7,858,'0.2141'),(37005,30,8,841,'160'),(37006,30,8,842,'10'),(37007,30,8,843,'12'),(37008,30,8,844,'40.5'),(37009,30,8,845,'13'),(37010,30,8,846,'0.25'),(37011,30,8,847,'16'),(37012,30,8,848,'9'),(37013,30,8,849,'4.75'),(37014,30,8,850,'0.25'),(37015,30,8,851,'0.25'),(37016,30,8,852,'0.25'),(37017,30,8,853,'0.5'),(37018,30,8,854,'0.5'),(37019,30,8,855,'1'),(37020,30,8,856,'5.75'),(37021,30,8,857,'5.5'),(37022,30,8,858,'0'),(37023,30,9,841,'220'),(37024,30,9,842,'12'),(37025,30,9,843,'14'),(37026,30,9,844,'39.5522'),(37027,30,9,845,'13.6816'),(37028,30,9,846,'0.995'),(37029,30,9,847,'10.4478'),(37030,30,9,848,'11.194'),(37031,30,9,849,'5.2239'),(37032,30,9,850,'0'),(37033,30,9,851,'0.2488'),(37034,30,9,852,'0'),(37035,30,9,853,'0.995'),(37036,30,9,854,'0.4975'),(37037,30,9,855,'0.995'),(37038,30,9,856,'4.4776'),(37039,30,9,857,'6.4677'),(37040,30,9,858,'1.99'),(37041,30,10,841,'278'),(37042,30,10,842,'14'),(37043,30,10,843,'16'),(37044,30,10,844,'44.8529'),(37045,30,10,845,'14.7059'),(37046,30,10,846,'0.7353'),(37047,30,10,847,'9.8039'),(37048,30,10,848,'8.5784'),(37049,30,10,849,'4.1667'),(37050,30,10,850,'0.2451'),(37051,30,10,851,'0.4902'),(37052,30,10,852,'0.9804'),(37053,30,10,853,'0.2451'),(37054,30,10,854,'1.2255'),(37055,30,10,855,'0.4902'),(37056,30,10,856,'7.1078'),(37057,30,10,857,'3.6765'),(37058,30,10,858,'0.4902'),(37059,30,11,841,'340'),(37060,30,11,842,'16'),(37061,30,11,843,'18'),(37062,30,11,844,'45.6221'),(37063,30,11,845,'10.8295'),(37064,30,11,846,'0.9217'),(37065,30,11,847,'9.6774'),(37066,30,11,848,'13.3641'),(37067,30,11,849,'2.9954'),(37068,30,11,850,'0.9217'),(37069,30,11,851,'0.6912'),(37070,30,11,852,'0.4608'),(37071,30,11,853,'1.1521'),(37072,30,11,854,'0.2304'),(37073,30,11,855,'0.9217'),(37074,30,11,856,'5.7604'),(37075,30,11,857,'4.3779'),(37076,30,11,858,'0.6912'),(37077,30,12,841,'372'),(37078,30,12,842,'17'),(37079,30,12,843,'19'),(37080,30,12,844,'48.9157'),(37081,30,12,845,'9.3976'),(37082,30,12,846,'1.2048'),(37083,30,12,847,'10.6024'),(37084,30,12,848,'11.3253'),(37085,30,12,849,'2.6506'),(37086,30,12,850,'0.241'),(37087,30,12,851,'0'),(37088,30,12,852,'1.2048'),(37089,30,12,853,'0.241'),(37090,30,12,854,'0'),(37091,30,12,855,'0.241'),(37092,30,12,856,'7.4699'),(37093,30,12,857,'5.0602'),(37094,30,12,858,'0.4819'),(37095,30,13,841,'403'),(37096,30,13,842,'18'),(37097,30,13,843,'20'),(37098,30,13,844,'47.2772'),(37099,30,13,845,'10.8911'),(37100,30,13,846,'0.495'),(37101,30,13,847,'11.1386'),(37102,30,13,848,'9.4059'),(37103,30,13,849,'2.7228'),(37104,30,13,850,'0.495'),(37105,30,13,851,'0'),(37106,30,13,852,'0.7426'),(37107,30,13,853,'0.495'),(37108,30,13,854,'0.7426'),(37109,30,13,855,'1.9802'),(37110,30,13,856,'3.4653'),(37111,30,13,857,'3.7129'),(37112,30,13,858,'3.2178'),(37113,30,14,841,'466'),(37114,30,14,842,'20'),(37115,30,14,843,'22'),(37116,30,14,844,'41.0628'),(37117,30,14,845,'14.2512'),(37118,30,14,846,'0.2415'),(37119,30,14,847,'11.3527'),(37120,30,14,848,'10.3865'),(37121,30,14,849,'2.4155'),(37122,30,14,850,'1.2077'),(37123,30,14,851,'0'),(37124,30,14,852,'0.9662'),(37125,30,14,853,'1.2077'),(37126,30,14,854,'0.9662'),(37127,30,14,855,'1.6908'),(37128,30,14,856,'7.2464'),(37129,30,14,857,'3.6232'),(37130,30,14,858,'0.9662'),(37131,30,15,841,'501'),(37132,30,15,842,'21'),(37133,30,15,843,'23'),(37134,30,15,844,'48.5915'),(37135,30,15,845,'6.338'),(37136,30,15,846,'0.4695'),(37137,30,15,847,'14.7887'),(37138,30,15,848,'12.6761'),(37139,30,15,849,'0.2347'),(37140,30,15,850,'0.2347'),(37141,30,15,851,'0.7042'),(37142,30,15,852,'1.8779'),(37143,30,15,853,'1.1737'),(37144,30,15,854,'0.4695'),(37145,30,15,855,'1.1737'),(37146,30,15,856,'5.8685'),(37147,30,15,857,'3.2864'),(37148,30,15,858,'0'),(37149,30,16,841,'538'),(37150,30,16,842,'22'),(37151,30,16,843,'24'),(37152,30,16,844,'47.7723'),(37153,30,16,845,'9.6535'),(37154,30,16,846,'0.495'),(37155,30,16,847,'12.3762'),(37156,30,16,848,'9.4059'),(37157,30,16,849,'2.9703'),(37158,30,16,850,'0.2475'),(37159,30,16,851,'0'),(37160,30,16,852,'0.2475'),(37161,30,16,853,'1.9802'),(37162,30,16,854,'0.495'),(37163,30,16,855,'0.9901'),(37164,30,16,856,'6.1881'),(37165,30,16,857,'3.2178'),(37166,30,16,858,'1.7327'),(37167,30,17,841,'574'),(37168,30,17,842,'23'),(37169,30,17,843,'25'),(37170,30,17,844,'49.3671'),(37171,30,17,845,'8.6076'),(37172,30,17,846,'0.2532'),(37173,30,17,847,'13.4177'),(37174,30,17,848,'6.8354'),(37175,30,17,849,'2.0253'),(37176,30,17,850,'0.7595'),(37177,30,17,851,'0.5063'),(37178,30,17,852,'1.0127'),(37179,30,17,853,'0.7595'),(37180,30,17,854,'1.0127'),(37181,30,17,855,'1.519'),(37182,30,17,856,'9.6203'),(37183,30,17,857,'2.7848'),(37184,30,17,858,'0'),(37185,30,18,841,'611'),(37186,30,18,842,'24'),(37187,30,18,843,'26'),(37188,30,18,844,'49.0521'),(37189,30,18,845,'9.4787'),(37190,30,18,846,'0.237'),(37191,30,18,847,'12.0853'),(37192,30,18,848,'12.5592'),(37193,30,18,849,'3.5545'),(37194,30,18,850,'0'),(37195,30,18,851,'0.237'),(37196,30,18,852,'0.7109'),(37197,30,18,853,'1.4218'),(37198,30,18,854,'1.1848'),(37199,30,18,855,'1.6588'),(37200,30,18,856,'3.3175'),(37201,30,18,857,'1.8957'),(37202,30,18,858,'0'),(37203,30,19,841,'647'),(37204,30,19,842,'25'),(37205,30,19,843,'27'),(37206,30,19,844,'49.3671'),(37207,30,19,845,'8.6076'),(37208,30,19,846,'0.2532'),(37209,30,19,847,'13.4177'),(37210,30,19,848,'6.8354'),(37211,30,19,849,'2.0253'),(37212,30,19,850,'0.7595'),(37213,30,19,851,'0.5063'),(37214,30,19,852,'1.0127'),(37215,30,19,853,'0.7595'),(37216,30,19,854,'1.0127'),(37217,30,19,855,'1.519'),(37218,30,19,856,'9.6203'),(37219,30,19,857,'2.7848'),(37220,30,19,858,'0'),(37221,30,20,841,'680'),(37222,30,20,842,'26'),(37223,30,20,843,'28'),(37224,30,20,844,'53.7713'),(37225,30,20,845,'6.326'),(37226,30,20,846,'0'),(37227,30,20,847,'12.1655'),(37228,30,20,848,'8.0292'),(37229,30,20,849,'2.6764'),(37230,30,20,850,'0.9732'),(37231,30,20,851,'0'),(37232,30,20,852,'0.2433'),(37233,30,20,853,'0.9732'),(37234,30,20,854,'1.2165'),(37235,30,20,855,'2.1898'),(37236,30,20,856,'4.3796'),(37237,30,20,857,'6.0827'),(37238,30,20,858,'0.2433'),(37239,30,21,841,'746'),(37240,30,21,842,'28'),(37241,30,21,843,'30'),(37242,30,21,844,'48.184'),(37243,30,21,845,'10.4116'),(37244,30,21,846,'0'),(37245,30,21,847,'14.2857'),(37246,30,21,848,'7.9903'),(37247,30,21,849,'2.4213'),(37248,30,21,850,'0.7264'),(37249,30,21,851,'0'),(37250,30,21,852,'0.2421'),(37251,30,21,853,'0.9685'),(37252,30,21,854,'0.7264'),(37253,30,21,855,'1.937'),(37254,30,21,856,'5.8111'),(37255,30,21,857,'2.1792'),(37256,30,21,858,'2.6634'),(37257,30,22,841,'812'),(37258,30,22,842,'30'),(37259,30,22,843,'32'),(37260,30,22,844,'42.2803'),(37261,30,22,845,'10.9264'),(37262,30,22,846,'0.2375'),(37263,30,22,847,'11.639'),(37264,30,22,848,'8.7886'),(37265,30,22,849,'2.6128'),(37266,30,22,850,'0.2375'),(37267,30,22,851,'0.7126'),(37268,30,22,852,'0.4751'),(37269,30,22,853,'1.1876'),(37270,30,22,854,'0.7126'),(37271,30,22,855,'2.6128'),(37272,30,22,856,'10.4513'),(37273,30,22,857,'3.3254'),(37274,30,22,858,'1.1876'),(37275,30,23,841,'893'),(37276,30,23,842,'32'),(37277,30,23,843,'34'),(37278,30,23,844,'43.75'),(37279,30,23,845,'11.0577'),(37280,30,23,846,'0'),(37281,30,23,847,'12.5'),(37282,30,23,848,'6.7308'),(37283,30,23,849,'2.1635'),(37284,30,23,850,'0.2404'),(37285,30,23,851,'0.2404'),(37286,30,23,852,'0'),(37287,30,23,853,'0.9615'),(37288,30,23,854,'0.7212'),(37289,30,23,855,'1.6827'),(37290,30,23,856,'13.2212'),(37291,30,23,857,'3.6058'),(37292,30,23,858,'1.9231'),(37293,30,24,841,'975'),(37294,30,24,842,'34'),(37295,30,24,843,'36'),(37296,30,24,844,'47.0024'),(37297,30,24,845,'7.6739'),(37298,30,24,846,'0.2398'),(37299,30,24,847,'10.0719'),(37300,30,24,848,'9.8321'),(37301,30,24,849,'1.9185'),(37302,30,24,850,'0.2398'),(37303,30,24,851,'0.4796'),(37304,30,24,852,'0.4796'),(37305,30,24,853,'0.2398'),(37306,30,24,854,'0.9592'),(37307,30,24,855,'2.1583'),(37308,30,24,856,'7.6739'),(37309,30,24,857,'8.1535'),(37310,30,24,858,'0'),(37311,30,25,841,'1044'),(37312,30,25,842,'36'),(37313,30,25,843,'38'),(37314,30,25,844,'46.3415'),(37315,30,25,845,'7.561'),(37316,30,25,846,'0.7317'),(37317,30,25,847,'12.439'),(37318,30,25,848,'9.5122'),(37319,30,25,849,'3.9024'),(37320,30,25,850,'0.9756'),(37321,30,25,851,'1.2195'),(37322,30,25,852,'0'),(37323,30,25,853,'0.2439'),(37324,30,25,854,'0.9756'),(37325,30,25,855,'1.4634'),(37326,30,25,856,'8.2927'),(37327,30,25,857,'4.6341'),(37328,30,25,858,'0.4878'),(37329,30,26,841,'1103'),(37330,30,26,842,'38'),(37331,30,26,843,'40'),(37332,30,26,844,'52.1226'),(37333,30,26,845,'6.1321'),(37334,30,26,846,'0.2358'),(37335,30,26,847,'9.1981'),(37336,30,26,848,'7.3113'),(37337,30,26,849,'2.3585'),(37338,30,26,850,'0.2358'),(37339,30,26,851,'0.4717'),(37340,30,26,852,'0.7075'),(37341,30,26,853,'1.1792'),(37342,30,26,854,'1.1792'),(37343,30,26,855,'1.1792'),(37344,30,26,856,'6.6038'),(37345,30,26,857,'6.3679'),(37346,30,26,858,'2.1226'),(37347,30,27,841,'1162'),(37348,30,27,842,'40'),(37349,30,27,843,'42'),(37350,30,27,844,'50.9901'),(37351,30,27,845,'9.1584'),(37352,30,27,846,'0.2475'),(37353,30,27,847,'12.3762'),(37354,30,27,848,'8.9109'),(37355,30,27,849,'1.4851'),(37356,30,27,850,'1.7327'),(37357,30,27,851,'0.2475'),(37358,30,27,852,'1.7327'),(37359,30,27,853,'1.4851'),(37360,30,27,854,'0.495'),(37361,30,27,855,'1.2376'),(37362,30,27,856,'3.9604'),(37363,30,27,857,'3.4653'),(37364,30,27,858,'1.2376'),(37365,30,28,841,'1310'),(37366,30,28,842,'42'),(37367,30,28,843,'44'),(37368,30,28,844,'43.6451'),(37369,30,28,845,'8.8729'),(37370,30,28,846,'0'),(37371,30,28,847,'10.0719'),(37372,30,28,848,'11.9904'),(37373,30,28,849,'2.6379'),(37374,30,28,850,'0.7194'),(37375,30,28,851,'0.4796'),(37376,30,28,852,'1.4388'),(37377,30,28,853,'1.199'),(37378,30,28,854,'0.7194'),(37379,30,28,855,'3.1175'),(37380,30,28,856,'4.3165'),(37381,30,28,857,'5.9952'),(37382,30,28,858,'2.8777'),(37383,30,29,841,'1383'),(37384,30,29,842,'43'),(37385,30,29,843,'45'),(37386,30,29,844,'51.1278'),(37387,30,29,845,'4.5113'),(37388,30,29,846,'0'),(37389,30,29,847,'14.5363'),(37390,30,29,848,'11.2782'),(37391,30,29,849,'2.5063'),(37392,30,29,850,'0.5013'),(37393,30,29,851,'0'),(37394,30,29,852,'1.0025'),(37395,30,29,853,'1.0025'),(37396,30,29,854,'0.7519'),(37397,30,29,855,'1.0025'),(37398,30,29,856,'5.7644'),(37399,30,29,857,'3.7594'),(37400,30,29,858,'0.2506'),(37401,30,30,841,'1457'),(37402,30,30,842,'44'),(37403,30,30,843,'46'),(37404,30,30,844,'43.7811'),(37405,30,30,845,'6.9652'),(37406,30,30,846,'0.7463'),(37407,30,30,847,'12.6866'),(37408,30,30,848,'10.199'),(37409,30,30,849,'1.99'),(37410,30,30,850,'10.9453'),(37411,30,30,851,'0'),(37412,30,30,852,'0.4975'),(37413,30,30,853,'0.7463'),(37414,30,30,854,'0.995'),(37415,30,30,855,'0.7463'),(37416,30,30,856,'3.9801'),(37417,30,30,857,'4.9751'),(37418,30,30,858,'0.2488'),(37419,30,31,841,'1554'),(37420,30,31,842,'46'),(37421,30,31,843,'48'),(37422,30,31,844,'54.1667'),(37423,30,31,845,'6.1275'),(37424,30,31,846,'0'),(37425,30,31,847,'12.0098'),(37426,30,31,848,'6.8627'),(37427,30,31,849,'0.7353'),(37428,30,31,850,'0.2451'),(37429,30,31,851,'0.2451'),(37430,30,31,852,'0.9804'),(37431,30,31,853,'0.7353'),(37432,30,31,854,'0.7353'),(37433,30,31,855,'0.9804'),(37434,30,31,856,'10.049'),(37435,30,31,857,'4.902'),(37436,30,31,858,'0.4902'),(37437,30,32,841,'1599'),(37438,30,32,842,'47.9'),(37439,30,32,843,'64'),(37440,30,32,844,'45.122'),(37441,30,32,845,'2.9268'),(37442,30,32,846,'0'),(37443,30,32,847,'10'),(37444,30,32,848,'9.0244'),(37445,30,32,849,'2.9268'),(37446,30,32,850,'0'),(37447,30,32,851,'0.2439'),(37448,30,32,852,'0.4878'),(37449,30,32,853,'0'),(37450,30,32,854,'9.5122'),(37451,30,32,855,'4.6341'),(37452,30,32,856,'9.0244'),(37453,30,32,857,'2.439'),(37454,30,32,858,'0.4878'),(37455,30,33,841,'1601'),(37456,30,33,842,'48'),(37457,30,33,843,'50'),(37458,30,33,844,'41.5584'),(37459,30,33,845,'9.8701'),(37460,30,33,846,'0'),(37461,30,33,847,'14.026'),(37462,30,33,848,'9.3506'),(37463,30,33,849,'3.1169'),(37464,30,33,850,'0.7792'),(37465,30,33,851,'0.2597'),(37466,30,33,852,'0'),(37467,30,33,853,'0.2597'),(37468,30,33,854,'1.039'),(37469,30,33,855,'0.5195'),(37470,30,33,856,'11.4286'),(37471,30,33,857,'4.9351'),(37472,30,33,858,'1.039'),(37473,30,34,841,'1662'),(37474,30,34,842,'50.5'),(37475,30,34,843,'66'),(37476,30,34,844,'46.0094'),(37477,30,34,845,'3.2864'),(37478,30,34,846,'0'),(37479,30,34,847,'7.9812'),(37480,30,34,848,'9.6244'),(37481,30,34,849,'3.9906'),(37482,30,34,850,'0.4695'),(37483,30,34,851,'0.7042'),(37484,30,34,852,'0.2347'),(37485,30,34,853,'0.4695'),(37486,30,34,854,'7.9812'),(37487,30,34,855,'5.6338'),(37488,30,34,856,'10.3286'),(37489,30,34,857,'1.8779'),(37490,30,34,858,'0.2347'),(37491,30,35,841,'1760'),(37492,30,35,842,'54.6'),(37493,30,35,843,'69'),(37494,30,35,844,'55.7178'),(37495,30,35,845,'8.7591'),(37496,30,35,846,'0'),(37497,30,35,847,'5.3528'),(37498,30,35,848,'10.219'),(37499,30,35,849,'1.9465'),(37500,30,35,850,'0'),(37501,30,35,851,'0'),(37502,30,35,852,'0.7299'),(37503,30,35,853,'0.4866'),(37504,30,35,854,'1.2165'),(37505,30,35,855,'2.4331'),(37506,30,35,856,'11.1922'),(37507,30,35,857,'0.9732'),(37508,30,35,858,'0'),(37509,30,36,841,'1828'),(37510,30,36,842,'57.3'),(37511,30,36,843,'71'),(37512,30,36,844,'47.1264'),(37513,30,36,845,'5.7471'),(37514,30,36,846,'0.2299'),(37515,30,36,847,'7.1264'),(37516,30,36,848,'16.092'),(37517,30,36,849,'0.9195'),(37518,30,36,850,'0.2299'),(37519,30,36,851,'0.2299'),(37520,30,36,852,'0.6897'),(37521,30,36,853,'0.9195'),(37522,30,36,854,'0.4598'),(37523,30,36,855,'1.1494'),(37524,30,36,856,'15.6322'),(37525,30,36,857,'2.069'),(37526,30,36,858,'0'),(37527,30,37,841,'1928'),(37528,30,37,842,'61.3'),(37529,30,37,843,'74'),(37530,30,37,844,'59.25'),(37531,30,37,845,'9.25'),(37532,30,37,846,'0'),(37533,30,37,847,'6'),(37534,30,37,848,'9.25'),(37535,30,37,849,'2.75'),(37536,30,37,850,'0'),(37537,30,37,851,'0.25'),(37538,30,37,852,'0.25'),(37539,30,37,853,'0.5'),(37540,30,37,854,'0.25'),(37541,30,37,855,'2'),(37542,30,37,856,'8'),(37543,30,37,857,'1.5'),(37544,30,37,858,'0'),(37545,30,38,841,'1993'),(37546,30,38,842,'63.9'),(37547,30,38,843,'76'),(37548,30,38,844,'58.9109'),(37549,30,38,845,'4.2079'),(37550,30,38,846,'0'),(37551,30,38,847,'7.9208'),(37552,30,38,848,'7.4257'),(37553,30,38,849,'2.7228'),(37554,30,38,850,'0.9901'),(37555,30,38,851,'0'),(37556,30,38,852,'0.495'),(37557,30,38,853,'1.4851'),(37558,30,38,854,'0'),(37559,30,38,855,'1.4851'),(37560,30,38,856,'11.6337'),(37561,30,38,857,'1.4851'),(37562,30,38,858,'0'),(37563,30,39,841,'2082'),(37564,30,39,842,'68'),(37565,30,39,843,'79'),(37566,30,39,844,'41.4758'),(37567,30,39,845,'4.3257'),(37568,30,39,846,'1.2723'),(37569,30,39,847,'10.1781'),(37570,30,39,848,'9.4148'),(37571,30,39,849,'2.799'),(37572,30,39,850,'0.2545'),(37573,30,39,851,'0.5089'),(37574,30,39,852,'0.2545'),(37575,30,39,853,'1.0178'),(37576,30,39,854,'0'),(37577,30,39,855,'1.5267'),(37578,30,39,856,'24.173'),(37579,30,39,857,'2.5445'),(37580,30,39,858,'0'),(37581,30,40,841,'2137'),(37582,30,40,842,'70.7'),(37583,30,40,843,'81'),(37584,30,40,844,'38.9908'),(37585,30,40,845,'4.8165'),(37586,30,40,846,'0.9174'),(37587,30,40,847,'14.2202'),(37588,30,40,848,'11.2385'),(37589,30,40,849,'8.7156'),(37590,30,40,850,'0.6881'),(37591,30,40,851,'0.2294'),(37592,30,40,852,'0.9174'),(37593,30,40,853,'0.9174'),(37594,30,40,854,'0.2294'),(37595,30,40,855,'1.3761'),(37596,30,40,856,'12.844'),(37597,30,40,857,'3.211'),(37598,30,40,858,'0'),(37599,30,41,841,'2212'),(37600,30,41,842,'75'),(37601,30,41,843,'87'),(37602,30,41,844,'50.8197'),(37603,30,41,845,'5.7377'),(37604,30,41,846,'0.4098'),(37605,30,41,847,'10.6557'),(37606,30,41,848,'8.6066'),(37607,30,41,849,'3.6885'),(37608,30,41,850,'0.2049'),(37609,30,41,851,'0.2049'),(37610,30,41,852,'3.0738'),(37611,30,41,853,'1.2295'),(37612,30,41,854,'1.6393'),(37613,30,41,855,'1.0246'),(37614,30,41,856,'9.8361'),(37615,30,41,857,'2.459'),(37616,30,41,858,'0'),(37617,30,42,841,'2266'),(37618,30,42,842,'78.1'),(37619,30,42,843,'90'),(37620,30,42,844,'42.1801'),(37621,30,42,845,'6.6351'),(37622,30,42,846,'0'),(37623,30,42,847,'6.3981'),(37624,30,42,848,'8.0569'),(37625,30,42,849,'2.6066'),(37626,30,42,850,'0'),(37627,30,42,851,'0.237'),(37628,30,42,852,'8.2938'),(37629,30,42,853,'1.6588'),(37630,30,42,854,'0.4739'),(37631,30,42,855,'1.8957'),(37632,30,42,856,'18.4834'),(37633,30,42,857,'0.9479'),(37634,30,42,858,'0.4739'),(37635,30,43,841,'2340'),(37636,30,43,842,'82.2'),(37637,30,43,843,'94'),(37638,30,43,844,'32.8537'),(37639,30,43,845,'5.7554'),(37640,30,43,846,'0.2398'),(37641,30,43,847,'3.3573'),(37642,30,43,848,'9.5923'),(37643,30,43,849,'2.8777'),(37644,30,43,850,'0'),(37645,30,43,851,'0'),(37646,30,43,852,'0.9592'),(37647,30,43,853,'1.6787'),(37648,30,43,854,'0.9592'),(37649,30,43,855,'1.9185'),(37650,30,43,856,'33.8129'),(37651,30,43,857,'3.1175'),(37652,30,43,858,'1.4388'),(37653,30,44,841,'3183'),(37654,30,44,842,'113.8'),(37655,30,44,843,'125'),(37656,30,44,844,'59.5078'),(37657,30,44,845,'6.264'),(37658,30,44,846,'0'),(37659,30,44,847,'11.6331'),(37660,30,44,848,'8.5011'),(37661,30,44,849,'1.566'),(37662,30,44,850,'0.2237'),(37663,30,44,851,'0'),(37664,30,44,852,'0.4474'),(37665,30,44,853,'0.8949'),(37666,30,44,854,'0.6711'),(37667,30,44,855,'2.2371'),(37668,30,44,856,'4.2506'),(37669,30,44,857,'1.3423'),(37670,30,44,858,'0');
/*!40000 ALTER TABLE `csv_data` ENABLE KEYS */;
UNLOCK TABLES;

--
-- Table structure for table `csv_files`
--

DROP TABLE IF EXISTS `csv_files`;
/*!40101 SET @saved_cs_client     = @@character_set_client */;
/*!40101 SET character_set_client = utf8 */;
CREATE TABLE `csv_files` (
  `id` int(11) NOT NULL AUTO_INCREMENT,
  `display_id` int(11) DEFAULT NULL,
  `user_id` int(11) DEFAULT NULL,
  `file_name` varchar(255) NOT NULL,
  `upload_date` timestamp NOT NULL DEFAULT current_timestamp(),
  `row_count` int(11) DEFAULT NULL,
  PRIMARY KEY (`id`),
  KEY `user_id` (`user_id`),
  CONSTRAINT `csv_files_ibfk_1` FOREIGN KEY (`user_id`) REFERENCES `auth_user` (`id`)
) ENGINE=InnoDB AUTO_INCREMENT=31 DEFAULT CHARSET=utf8mb4 COLLATE=utf8mb4_general_ci;
/*!40101 SET character_set_client = @saved_cs_client */;

--
-- Dumping data for table `csv_files`
--

LOCK TABLES `csv_files` WRITE;
/*!40000 ALTER TABLE `csv_files` DISABLE KEYS */;
INSERT INTO `csv_files` VALUES (23,1,1,'data_Pollen.csv','2024-11-05 03:14:23',44),(26,2,1,'pollen_counts.csv','2024-11-05 03:26:38',44),(27,3,1,'pollen_counts.csv','2024-11-05 03:27:38',44),(28,4,1,'data_Pollen.csv','2024-11-13 04:37:15',44),(30,5,1,'data_Pollen.csv','2024-11-13 05:39:17',44);
/*!40000 ALTER TABLE `csv_files` ENABLE KEYS */;
UNLOCK TABLES;

--
-- Table structure for table `dataset`
--

DROP TABLE IF EXISTS `dataset`;
/*!40101 SET @saved_cs_client     = @@character_set_client */;
/*!40101 SET character_set_client = utf8 */;
CREATE TABLE `dataset` (
  `dataset_id` int(11) NOT NULL AUTO_INCREMENT,
  `type` varchar(50) NOT NULL,
  `database_name` varchar(100) NOT NULL,
  `doi` varchar(100) DEFAULT NULL,
  `pis` varchar(255) DEFAULT NULL,
  PRIMARY KEY (`dataset_id`)
) ENGINE=InnoDB DEFAULT CHARSET=utf8mb4 COLLATE=utf8mb4_general_ci;
/*!40101 SET character_set_client = @saved_cs_client */;

--
-- Dumping data for table `dataset`
--

LOCK TABLES `dataset` WRITE;
/*!40000 ALTER TABLE `dataset` DISABLE KEYS */;
/*!40000 ALTER TABLE `dataset` ENABLE KEYS */;
UNLOCK TABLES;

--
-- Table structure for table `django_admin_log`
--

DROP TABLE IF EXISTS `django_admin_log`;
/*!40101 SET @saved_cs_client     = @@character_set_client */;
/*!40101 SET character_set_client = utf8 */;
CREATE TABLE `django_admin_log` (
  `id` int(11) NOT NULL AUTO_INCREMENT,
  `action_time` datetime(6) NOT NULL,
  `object_id` longtext DEFAULT NULL,
  `object_repr` varchar(200) NOT NULL,
  `action_flag` smallint(5) unsigned NOT NULL CHECK (`action_flag` >= 0),
  `change_message` longtext NOT NULL,
  `content_type_id` int(11) DEFAULT NULL,
  `user_id` int(11) NOT NULL,
  PRIMARY KEY (`id`),
  KEY `django_admin_log_content_type_id_c4bce8eb_fk_django_co` (`content_type_id`),
  KEY `django_admin_log_user_id_c564eba6_fk_auth_user_id` (`user_id`),
  CONSTRAINT `django_admin_log_content_type_id_c4bce8eb_fk_django_co` FOREIGN KEY (`content_type_id`) REFERENCES `django_content_type` (`id`),
  CONSTRAINT `django_admin_log_user_id_c564eba6_fk_auth_user_id` FOREIGN KEY (`user_id`) REFERENCES `auth_user` (`id`)
) ENGINE=InnoDB DEFAULT CHARSET=utf8mb4 COLLATE=utf8mb4_general_ci;
/*!40101 SET character_set_client = @saved_cs_client */;

--
-- Dumping data for table `django_admin_log`
--

LOCK TABLES `django_admin_log` WRITE;
/*!40000 ALTER TABLE `django_admin_log` DISABLE KEYS */;
/*!40000 ALTER TABLE `django_admin_log` ENABLE KEYS */;
UNLOCK TABLES;

--
-- Table structure for table `django_content_type`
--

DROP TABLE IF EXISTS `django_content_type`;
/*!40101 SET @saved_cs_client     = @@character_set_client */;
/*!40101 SET character_set_client = utf8 */;
CREATE TABLE `django_content_type` (
  `id` int(11) NOT NULL AUTO_INCREMENT,
  `app_label` varchar(100) NOT NULL,
  `model` varchar(100) NOT NULL,
  PRIMARY KEY (`id`),
  UNIQUE KEY `django_content_type_app_label_model_76bd3d3b_uniq` (`app_label`,`model`)
) ENGINE=InnoDB AUTO_INCREMENT=9 DEFAULT CHARSET=utf8mb4 COLLATE=utf8mb4_general_ci;
/*!40101 SET character_set_client = @saved_cs_client */;

--
-- Dumping data for table `django_content_type`
--

LOCK TABLES `django_content_type` WRITE;
/*!40000 ALTER TABLE `django_content_type` DISABLE KEYS */;
INSERT INTO `django_content_type` VALUES (1,'admin','logentry'),(3,'auth','group'),(2,'auth','permission'),(4,'auth','user'),(5,'contenttypes','contenttype'),(8,'myapi','csvfile'),(7,'myapi','dataset'),(6,'sessions','session');
/*!40000 ALTER TABLE `django_content_type` ENABLE KEYS */;
UNLOCK TABLES;

--
-- Table structure for table `django_migrations`
--

DROP TABLE IF EXISTS `django_migrations`;
/*!40101 SET @saved_cs_client     = @@character_set_client */;
/*!40101 SET character_set_client = utf8 */;
CREATE TABLE `django_migrations` (
  `id` bigint(20) NOT NULL AUTO_INCREMENT,
  `app` varchar(255) NOT NULL,
  `name` varchar(255) NOT NULL,
  `applied` datetime(6) NOT NULL,
  PRIMARY KEY (`id`)
) ENGINE=InnoDB AUTO_INCREMENT=19 DEFAULT CHARSET=utf8mb4 COLLATE=utf8mb4_general_ci;
/*!40101 SET character_set_client = @saved_cs_client */;

--
-- Dumping data for table `django_migrations`
--

LOCK TABLES `django_migrations` WRITE;
/*!40000 ALTER TABLE `django_migrations` DISABLE KEYS */;
INSERT INTO `django_migrations` VALUES (1,'contenttypes','0001_initial','2024-09-21 03:07:16.400396'),(2,'auth','0001_initial','2024-09-21 03:07:16.489716'),(3,'admin','0001_initial','2024-09-21 03:07:16.522127'),(4,'admin','0002_logentry_remove_auto_add','2024-09-21 03:07:16.528686'),(5,'admin','0003_logentry_add_action_flag_choices','2024-09-21 03:07:16.535071'),(6,'contenttypes','0002_remove_content_type_name','2024-09-21 03:07:16.562704'),(7,'auth','0002_alter_permission_name_max_length','2024-09-21 03:07:16.581967'),(8,'auth','0003_alter_user_email_max_length','2024-09-21 03:07:16.594871'),(9,'auth','0004_alter_user_username_opts','2024-09-21 03:07:16.602273'),(10,'auth','0005_alter_user_last_login_null','2024-09-21 03:07:16.615482'),(11,'auth','0006_require_contenttypes_0002','2024-09-21 03:07:16.616086'),(12,'auth','0007_alter_validators_add_error_messages','2024-09-21 03:07:16.619240'),(13,'auth','0008_alter_user_username_max_length','2024-09-21 03:07:16.629168'),(14,'auth','0009_alter_user_last_name_max_length','2024-09-21 03:07:16.635234'),(15,'auth','0010_alter_group_name_max_length','2024-09-21 03:07:16.646476'),(16,'auth','0011_update_proxy_permissions','2024-09-21 03:07:16.652803'),(17,'auth','0012_alter_user_first_name_max_length','2024-09-21 03:07:16.664453'),(18,'sessions','0001_initial','2024-09-21 03:07:16.679574');
/*!40000 ALTER TABLE `django_migrations` ENABLE KEYS */;
UNLOCK TABLES;

--
-- Table structure for table `django_session`
--

DROP TABLE IF EXISTS `django_session`;
/*!40101 SET @saved_cs_client     = @@character_set_client */;
/*!40101 SET character_set_client = utf8 */;
CREATE TABLE `django_session` (
  `session_key` varchar(40) NOT NULL,
  `session_data` longtext NOT NULL,
  `expire_date` datetime(6) NOT NULL,
  PRIMARY KEY (`session_key`),
  KEY `django_session_expire_date_a5c62663` (`expire_date`)
) ENGINE=InnoDB DEFAULT CHARSET=utf8mb4 COLLATE=utf8mb4_general_ci;
/*!40101 SET character_set_client = @saved_cs_client */;

--
-- Dumping data for table `django_session`
--

LOCK TABLES `django_session` WRITE;
/*!40000 ALTER TABLE `django_session` DISABLE KEYS */;
INSERT INTO `django_session` VALUES ('60onkc620q94ymdthdzmx18lbq8fgtaj','.eJxVjMsOgjAUBf-la9PQ0gutS_d8Q3MfrUUNJBRWxn8XEha6PTNz3iritpa41bTEUdRVGXX53Qj5maYDyAOn-6x5ntZlJH0o-qRVD7Ok1-10_w4K1rLX2fRgGUPG3jryfTBeugbEUmLvBE1iR9A4ATZIYAKFrm2Acm79rrH6fAHqzDgr:1srqY9:aFTTY-_SivmCxm-JBDS5YL5EuVA7o1_hNNjfq3DVyJ8','2024-10-05 03:12:45.604073'),('csft2eyqqiyko7922ac4xia1n3f2lu7f','.eJxVjDsOwjAQBe_iGlnYjn-U9DlDtLte4wCypTipEHeHSCmgfTPzXmKCbS3T1nmZ5iQuQonT74ZAD647SHeotyap1XWZUe6KPGiXY0v8vB7u30GBXr61x5R0YLLEYLQJzjlrkKICnS2r6CAOQ_DoIxuFnIksZtAcszXGwVm8P_a_OG8:1t8AmQ:reOVlIV3Ga3hV-Aps1NTyRDNbikxtK3dbFHXgOuz6Ig','2024-11-19 04:02:58.133555'),('iwt8y90b8yrno5miy6r0rnm0jb9jjhk1','.eJxVjMsOgjAUBf-la9PQ0gutS_d8Q3MfrUUNJBRWxn8XEha6PTNz3iritpa41bTEUdRVGXX53Qj5maYDyAOn-6x5ntZlJH0o-qRVD7Ok1-10_w4K1rLX2fRgGUPG3jryfTBeugbEUmLvBE1iR9A4ATZIYAKFrm2Acm79rrH6fAHqzDgr:1t2cvO:EZI8TXw_NSMN_treMm2bWZa962OkCgoWd30EtcURCJw','2024-11-03 20:53:18.939823');
/*!40000 ALTER TABLE `django_session` ENABLE KEYS */;
UNLOCK TABLES;

--
-- Table structure for table `graph_images`
--

DROP TABLE IF EXISTS `graph_images`;
/*!40101 SET @saved_cs_client     = @@character_set_client */;
/*!40101 SET character_set_client = utf8 */;
CREATE TABLE `graph_images` (
  `image_id` int(11) NOT NULL,
  `user_id` int(11) DEFAULT NULL,
  `image_data` blob DEFAULT NULL,
  `metadata` longtext DEFAULT NULL,
  PRIMARY KEY (`image_id`),
  KEY `user_id` (`user_id`),
  CONSTRAINT `graph_images_ibfk_1` FOREIGN KEY (`user_id`) REFERENCES `auth_user` (`id`)
) ENGINE=InnoDB DEFAULT CHARSET=utf8mb4 COLLATE=utf8mb4_general_ci;
/*!40101 SET character_set_client = @saved_cs_client */;

--
-- Dumping data for table `graph_images`
--

LOCK TABLES `graph_images` WRITE;
/*!40000 ALTER TABLE `graph_images` DISABLE KEYS */;
/*!40000 ALTER TABLE `graph_images` ENABLE KEYS */;
UNLOCK TABLES;

--
-- Table structure for table `site`
--

DROP TABLE IF EXISTS `site`;
/*!40101 SET @saved_cs_client     = @@character_set_client */;
/*!40101 SET character_set_client = utf8 */;
CREATE TABLE `site` (
  `site_id` int(11) NOT NULL AUTO_INCREMENT,
  `dataset_id` int(11) NOT NULL,
  `site_name` varchar(100) NOT NULL,
  `description` text DEFAULT NULL,
  `longitude` decimal(10,8) DEFAULT NULL,
  `latitude` decimal(10,8) DEFAULT NULL,
  `altitude` int(11) DEFAULT NULL,
  `notes` text DEFAULT NULL,
  `usr_id` int(11) DEFAULT NULL,
  PRIMARY KEY (`site_id`),
  KEY `dataset_id` (`dataset_id`),
  KEY `site_auth_user_FK` (`usr_id`),
  CONSTRAINT `dataset_id` FOREIGN KEY (`dataset_id`) REFERENCES `dataset` (`dataset_id`),
  CONSTRAINT `site_auth_user_FK` FOREIGN KEY (`usr_id`) REFERENCES `auth_user` (`id`) ON DELETE CASCADE ON UPDATE CASCADE
) ENGINE=InnoDB DEFAULT CHARSET=utf8mb4 COLLATE=utf8mb4_general_ci;
/*!40101 SET character_set_client = @saved_cs_client */;

--
-- Dumping data for table `site`
--

LOCK TABLES `site` WRITE;
/*!40000 ALTER TABLE `site` DISABLE KEYS */;
/*!40000 ALTER TABLE `site` ENABLE KEYS */;
UNLOCK TABLES;

--
-- Table structure for table `visualization_preferences`
--

DROP TABLE IF EXISTS `visualization_preferences`;
/*!40101 SET @saved_cs_client     = @@character_set_client */;
/*!40101 SET character_set_client = utf8 */;
CREATE TABLE `visualization_preferences` (
  `id` int(11) NOT NULL AUTO_INCREMENT,
  `file_id` int(11) DEFAULT NULL,
  `graph_type` varchar(50) NOT NULL,
  `color` varchar(50) DEFAULT NULL,
  `x_axis_column_id` int(11) DEFAULT NULL,
  `y_axis_column_id` int(11) DEFAULT NULL,
  `title` varchar(50) DEFAULT NULL,
  `additional_options` longtext CHARACTER SET utf8mb4 COLLATE utf8mb4_bin DEFAULT NULL CHECK (json_valid(`additional_options`)),
  PRIMARY KEY (`id`),
  KEY `file_id` (`file_id`),
  KEY `x_axis_column_id` (`x_axis_column_id`),
  KEY `y_axis_column_id` (`y_axis_column_id`),
  CONSTRAINT `visualization_preferences_ibfk_1` FOREIGN KEY (`file_id`) REFERENCES `csv_files` (`id`),
  CONSTRAINT `visualization_preferences_ibfk_2` FOREIGN KEY (`x_axis_column_id`) REFERENCES `csv_columns` (`id`),
  CONSTRAINT `visualization_preferences_ibfk_3` FOREIGN KEY (`y_axis_column_id`) REFERENCES `csv_columns` (`id`)
) ENGINE=InnoDB AUTO_INCREMENT=31 DEFAULT CHARSET=utf8mb4 COLLATE=utf8mb4_general_ci;
/*!40101 SET character_set_client = @saved_cs_client */;

--
-- Dumping data for table `visualization_preferences`
--

LOCK TABLES `visualization_preferences` WRITE;
/*!40000 ALTER TABLE `visualization_preferences` DISABLE KEYS */;
INSERT INTO `visualization_preferences` VALUES (23,23,'bar','blue',654,655,'Example Graph','{\"Stuff\": \"Example Stuff\"}'),(26,26,'bar','blue',711,712,'Example Graph','{\"Stuff\": \"Example Stuff\"}'),(27,27,'bar','blue',758,759,'Example Graph','{\"Stuff\": \"Example Stuff\"}'),(28,28,'bar','blue',805,806,'Example Graph','{\"Stuff\": \"Example Stuff\"}'),(30,30,'bar','blue',841,842,'Example Graph','{\"Stuff\": \"Example Stuff\"}');
/*!40000 ALTER TABLE `visualization_preferences` ENABLE KEYS */;
UNLOCK TABLES;
/*!40103 SET TIME_ZONE=@OLD_TIME_ZONE */;

/*!40101 SET SQL_MODE=@OLD_SQL_MODE */;
/*!40014 SET FOREIGN_KEY_CHECKS=@OLD_FOREIGN_KEY_CHECKS */;
/*!40014 SET UNIQUE_CHECKS=@OLD_UNIQUE_CHECKS */;
/*!40101 SET CHARACTER_SET_CLIENT=@OLD_CHARACTER_SET_CLIENT */;
/*!40101 SET CHARACTER_SET_RESULTS=@OLD_CHARACTER_SET_RESULTS */;
/*!40101 SET COLLATION_CONNECTION=@OLD_COLLATION_CONNECTION */;
/*!40111 SET SQL_NOTES=@OLD_SQL_NOTES */;

-- Dump completed on 2024-11-12 21:49:49
